	date	high	low	open	close	volume	Adj Close
0	2015-11-02	67.30000305175781	66.0999984741211	67.30000305175781	66.80000305175781	151000.0	55.1270637512207
1	2015-11-03	68.80000305175781	66.69999694824219	67.0	68.5	470000.0	56.529998779296875
2	2015-11-04	69.0	68.19999694824219	69.0	68.5	271000.0	56.529998779296875
3	2015-11-05	68.69999694824219	67.5999984741211	68.69999694824219	68.4000015258789	197000.0	56.44746780395508
4	2015-11-06	68.30000305175781	67.0999984741211	68.30000305175781	67.19999694824219	269000.0	55.4571647644043
5	2015-11-09	67.0	65.5999984741211	67.0	65.9000015258789	340000.0	54.38433837890625
6	2015-11-10	66.19999694824219	65.5	65.9000015258789	66.0	114000.0	54.46685791015625
7	2015-11-11	66.80000305175781	66.0	66.80000305175781	66.4000015258789	155000.0	54.796958923339844
8	2015-11-12	71.5	67.4000015258789	67.5	70.80000305175781	1579000.0	58.42808532714844
9	2015-11-13	70.0	67.5	70.0	67.5	751000.0	55.70473861694336
10	2015-11-16	69.4000015258789	67.19999694824219	67.5	68.5999984741211	288000.0	56.61252212524414
11	2015-11-17	69.19999694824219	68.0	68.80000305175781	68.30000305175781	288000.0	56.36494827270508
12	2015-11-18	69.0999984741211	68.0	68.4000015258789	68.5	213000.0	56.529998779296875
13	2015-11-19	69.69999694824219	68.19999694824219	68.9000015258789	69.5999984741211	379000.0	57.43777847290039
14	2015-11-20	70.0	68.5999984741211	69.80000305175781	69.0999984741211	179000.0	57.025150299072266
15	2015-11-23	69.5	68.69999694824219	69.0	68.9000015258789	143000.0	56.86009979248047
16	2015-11-24	69.5999984741211	68.5999984741211	69.0	69.4000015258789	209000.0	57.272727966308594
17	2015-11-25	69.80000305175781	68.80000305175781	69.80000305175781	69.5	139000.0	57.355247497558594
18	2015-11-26	70.0999984741211	69.30000305175781	70.0999984741211	69.30000305175781	162000.0	57.19020080566406
19	2015-11-27	69.80000305175781	69.19999694824219	69.30000305175781	69.69999694824219	120000.0	57.520301818847656
20	2015-11-30	69.5	68.5999984741211	69.5	68.5999984741211	172000.0	56.61252212524414
21	2015-12-01	69.30000305175781	68.69999694824219	69.0999984741211	69.0	103000.0	56.942623138427734
22	2015-12-02	69.5999984741211	68.9000015258789	69.0	69.0999984741211	169000.0	57.025150299072266
23	2015-12-03	70.4000015258789	69.0	69.0999984741211	69.69999694824219	234000.0	57.520301818847656
24	2015-12-04	70.30000305175781	69.5	69.69999694824219	69.9000015258789	85000.0	57.68535614013672
25	2015-12-07	70.4000015258789	69.4000015258789	70.30000305175781	69.5999984741211	159000.0	57.43777847290039
26	2015-12-08	69.80000305175781	69.19999694824219	69.5999984741211	69.5	96000.0	57.355247497558594
27	2015-12-09	69.69999694824219	68.69999694824219	69.0999984741211	69.0	122000.0	56.942623138427734
28	2015-12-10	69.4000015258789	67.5	69.0	69.4000015258789	206000.0	57.272727966308594
29	2015-12-11	69.5999984741211	68.5	69.5999984741211	69.19999694824219	194000.0	57.10767364501953
30	2015-12-14	69.5999984741211	68.0	69.0	69.5	297000.0	57.355247497558594
31	2015-12-15	69.80000305175781	69.0999984741211	69.69999694824219	69.69999694824219	142000.0	57.520301818847656
32	2015-12-16	70.0	69.5999984741211	70.0	70.0	92000.0	57.76788330078125
33	2015-12-17	70.19999694824219	69.5	70.19999694824219	69.5999984741211	141000.0	57.43777847290039
34	2015-12-18	70.30000305175781	69.5999984741211	69.9000015258789	70.30000305175781	105000.0	58.01546096801758
35	2015-12-21	70.0	69.69999694824219	70.0	69.9000015258789	46000.0	57.68535614013672
36	2015-12-22	70.19999694824219	69.5	69.9000015258789	69.5999984741211	62000.0	57.43777847290039
37	2015-12-23	70.0999984741211	69.4000015258789	70.0	69.5999984741211	74000.0	57.43777847290039
38	2015-12-24	70.0999984741211	69.5	70.0	69.5	60000.0	57.355247497558594
39	2015-12-25	70.0999984741211	69.5	69.5999984741211	70.0	131000.0	57.76788330078125
40	2015-12-28	70.19999694824219	69.80000305175781	70.0999984741211	70.0	125000.0	57.76788330078125
41	2015-12-29	71.0	69.9000015258789	70.0	71.0	193000.0	58.593135833740234
42	2015-12-30	71.5	70.5	71.30000305175781	70.5	99000.0	58.18050765991211
43	2015-12-31	70.80000305175781	70.0999984741211	70.80000305175781	70.5	37000.0	58.18050765991211
44	2016-01-04	72.5	69.30000305175781	70.5	71.9000015258789	246000.0	59.33586883544922
45	2016-01-05	71.80000305175781	70.19999694824219	71.5	70.5	146000.0	58.18050765991211
46	2016-01-06	71.0	70.0	70.5	70.19999694824219	90000.0	57.93292999267578
47	2016-01-07	70.4000015258789	68.5999984741211	70.19999694824219	69.0	239000.0	56.942623138427734
48	2016-01-08	69.9000015258789	68.5999984741211	68.5999984741211	69.69999694824219	89000.0	57.520301818847656
49	2016-01-11	69.5999984741211	68.4000015258789	69.5999984741211	68.69999694824219	131000.0	56.69504165649414
50	2016-01-12	69.19999694824219	68.69999694824219	68.69999694824219	69.0	102000.0	56.942623138427734
51	2016-01-13	69.5999984741211	69.0	69.5999984741211	69.5	72000.0	57.355247497558594
52	2016-01-14	70.30000305175781	69.0	69.19999694824219	69.5	105000.0	57.355247497558594
53	2016-01-15	69.80000305175781	69.30000305175781	69.69999694824219	69.5999984741211	85000.0	57.43777847290039
54	2016-01-18	71.0999984741211	69.0	69.5999984741211	70.9000015258789	119000.0	58.51061248779297
55	2016-01-19	73.0	70.9000015258789	70.9000015258789	71.69999694824219	247000.0	59.170814514160156
56	2016-01-20	72.30000305175781	71.0	71.69999694824219	71.80000305175781	97000.0	59.25334167480469
57	2016-01-21	71.69999694824219	70.5999984741211	71.69999694824219	71.0	71000.0	58.593135833740234
58	2016-01-22	71.5	70.9000015258789	71.5	70.9000015258789	32000.0	58.51061248779297
59	2016-01-25	72.0	70.9000015258789	72.0	71.0	56000.0	58.593135833740234
60	2016-01-26	71.80000305175781	70.9000015258789	71.80000305175781	71.5	12000.0	59.00575637817383
61	2016-01-27	71.5999984741211	70.9000015258789	71.5999984741211	71.4000015258789	50000.0	58.92323684692383
62	2016-01-28	71.9000015258789	71.5	71.80000305175781	71.80000305175781	94000.0	59.25334167480469
63	2016-01-29	72.5	71.30000305175781	72.30000305175781	71.9000015258789	116000.0	59.33586883544922
64	2016-02-01	72.30000305175781	71.4000015258789	71.9000015258789	72.0	127000.0	59.418392181396484
65	2016-02-02	72.30000305175781	72.0	72.30000305175781	72.0	117000.0	59.418392181396484
66	2016-02-03	72.5999984741211	72.0	72.0	72.30000305175781	119000.0	59.66596221923828
67	2016-02-15	72.5999984741211	71.80000305175781	71.80000305175781	72.4000015258789	39000.0	59.74849319458008
68	2016-02-16	72.5999984741211	72.19999694824219	72.4000015258789	72.4000015258789	69000.0	59.74849319458008
69	2016-02-17	72.5999984741211	72.19999694824219	72.5999984741211	72.5	63000.0	59.83102035522461
70	2016-02-18	73.19999694824219	72.5	72.5	73.0	153000.0	60.243648529052734
71	2016-02-19	73.80000305175781	73.0	73.80000305175781	73.30000305175781	67000.0	60.49122619628906
72	2016-02-22	76.0	73.5999984741211	73.9000015258789	75.80000305175781	131000.0	62.55436325073242
73	2016-02-23	76.19999694824219	75.19999694824219	76.0	75.69999694824219	134000.0	62.471832275390625
74	2016-02-24	76.0	74.19999694824219	76.0	75.4000015258789	147000.0	62.22426223754883
75	2016-02-25	76.0	75.4000015258789	76.0	75.80000305175781	49000.0	62.55436325073242
76	2016-02-26	78.30000305175781	75.4000015258789	75.5999984741211	77.80000305175781	147000.0	64.20487213134766
77	2016-03-01	78.0999984741211	76.5999984741211	78.0999984741211	77.80000305175781	120000.0	64.20487213134766
78	2016-03-02	79.30000305175781	77.9000015258789	77.9000015258789	78.5999984741211	220000.0	64.86507415771484
79	2016-03-03	79.4000015258789	78.5	78.5999984741211	78.80000305175781	118000.0	65.0301284790039
80	2016-03-04	79.19999694824219	78.69999694824219	78.9000015258789	78.80000305175781	85000.0	65.0301284790039
81	2016-03-07	79.0	78.5	78.80000305175781	78.5999984741211	65000.0	64.86507415771484
82	2016-03-08	78.5999984741211	77.5	77.80000305175781	78.0999984741211	118000.0	64.45244598388672
83	2016-03-09	78.0999984741211	77.5	77.5	77.5	135000.0	63.957298278808594
84	2016-03-10	77.19999694824219	76.30000305175781	76.5999984741211	77.0	206000.0	63.5446662902832
85	2016-03-11	78.30000305175781	76.69999694824219	76.80000305175781	77.69999694824219	89000.0	64.12234497070312
86	2016-03-14	77.5999984741211	76.5999984741211	76.5999984741211	77.19999694824219	106000.0	63.709712982177734
87	2016-03-15	77.0999984741211	76.69999694824219	76.69999694824219	76.80000305175781	53000.0	63.37962341308594
88	2016-03-16	77.19999694824219	76.80000305175781	76.80000305175781	77.19999694824219	42000.0	63.709712982177734
89	2016-03-17	77.0999984741211	76.69999694824219	77.0	77.0	75000.0	63.5446662902832
90	2016-03-18	77.0999984741211	76.5999984741211	77.0	77.0999984741211	38000.0	63.62718963623047
91	2016-03-21	77.19999694824219	76.9000015258789	77.0999984741211	77.0	50000.0	63.5446662902832
92	2016-03-22	77.19999694824219	76.69999694824219	76.80000305175781	77.0	18000.0	63.5446662902832
93	2016-03-23	77.4000015258789	76.5999984741211	76.69999694824219	77.30000305175781	49000.0	63.79224395751953
94	2016-03-24	79.0	77.0	77.0	78.0	101000.0	64.36991882324219
95	2016-03-25	78.4000015258789	77.5	77.9000015258789	78.0	51000.0	64.36991882324219
96	2016-03-28	78.0999984741211	77.69999694824219	78.0	78.0	40000.0	64.36991882324219
97	2016-03-29	78.0	77.4000015258789	78.0	78.0	111000.0	64.36991882324219
98	2016-03-30	78.0999984741211	77.80000305175781	78.0	78.0999984741211	89000.0	64.45244598388672
99	2016-03-31	78.30000305175781	77.5999984741211	78.19999694824219	77.5999984741211	115000.0	64.0398178100586
100	2016-04-01	78.9000015258789	77.30000305175781	77.5999984741211	78.0	110000.0	64.36991882324219
101	2016-04-06	78.0	77.0	78.0	77.0999984741211	55000.0	63.62718963623047
102	2016-04-07	77.0999984741211	76.19999694824219	77.0999984741211	76.19999694824219	101000.0	62.88446044921875
103	2016-04-08	76.4000015258789	75.5999984741211	75.9000015258789	76.0	107000.0	62.71941375732422
104	2016-04-11	76.0	75.0999984741211	76.0	75.19999694824219	54000.0	62.059207916259766
105	2016-04-12	75.5999984741211	74.0999984741211	75.30000305175781	74.0999984741211	112000.0	61.151424407958984
106	2016-04-13	74.4000015258789	73.5	74.0999984741211	74.4000015258789	63000.0	61.39900207519531
107	2016-04-14	75.0	74.4000015258789	74.4000015258789	75.0	27000.0	61.8941535949707
108	2016-04-15	75.0	74.0	75.0	74.19999694824219	42000.0	61.23394775390625
109	2016-04-18	74.5	74.19999694824219	74.19999694824219	74.5	16000.0	61.48152542114258
110	2016-04-19	75.0	74.0999984741211	74.5	74.19999694824219	40000.0	61.23394775390625
111	2016-04-20	74.9000015258789	73.5999984741211	74.0	73.69999694824219	46000.0	60.821319580078125
112	2016-04-21	75.5	73.80000305175781	74.0	75.0	71000.0	61.8941535949707
113	2016-04-22	74.80000305175781	73.0	74.80000305175781	73.0	54000.0	60.243648529052734
114	2016-04-25	74.19999694824219	72.0	72.0	73.80000305175781	115000.0	60.90385437011719
115	2016-04-26	74.4000015258789	73.9000015258789	74.19999694824219	74.30000305175781	44000.0	61.31647872924805
116	2016-04-27	73.69999694824219	73.19999694824219	73.19999694824219	73.5	37000.0	60.65626907348633
117	2016-04-28	73.80000305175781	72.5999984741211	73.80000305175781	72.69999694824219	38000.0	59.996070861816406
118	2016-04-29	73.0	71.5	72.69999694824219	71.9000015258789	93000.0	59.33586883544922
119	2016-05-03	71.69999694824219	71.0	71.0	71.69999694824219	52000.0	59.170814514160156
120	2016-05-04	73.30000305175781	70.9000015258789	71.5	72.4000015258789	66000.0	59.74849319458008
121	2016-05-05	71.69999694824219	71.0999984741211	71.5999984741211	71.4000015258789	70000.0	58.92323684692383
122	2016-05-06	71.5	71.0999984741211	71.4000015258789	71.5	30000.0	59.00575637817383
123	2016-05-09	72.5	71.4000015258789	71.4000015258789	72.0999984741211	72000.0	59.500911712646484
124	2016-05-10	72.30000305175781	72.0	72.30000305175781	72.0	5000.0	59.418392181396484
125	2016-05-11	73.5	72.0	72.0	73.5	113000.0	60.65626907348633
126	2016-05-12	73.0	72.5	72.5	72.5	30000.0	59.83102035522461
127	2016-05-13	73.0	71.5999984741211	73.0	71.69999694824219	44000.0	59.170814514160156
128	2016-05-16	71.4000015258789	70.80000305175781	71.19999694824219	71.19999694824219	26000.0	58.758182525634766
129	2016-05-17	71.9000015258789	70.69999694824219	71.9000015258789	71.69999694824219	36000.0	59.170814514160156
130	2016-05-18	72.30000305175781	70.9000015258789	70.9000015258789	71.5	78000.0	59.00575637817383
131	2016-05-19	71.5999984741211	70.80000305175781	71.5999984741211	71.0	61000.0	58.593135833740234
132	2016-05-20	71.5999984741211	70.9000015258789	71.0	71.5999984741211	38000.0	59.08829116821289
133	2016-05-23	72.69999694824219	71.0	71.19999694824219	71.9000015258789	133000.0	59.33586883544922
134	2016-05-24	72.19999694824219	71.5	71.5	72.0	43000.0	59.418392181396484
135	2016-05-25	73.4000015258789	72.0999984741211	72.19999694824219	73.0	106000.0	60.243648529052734
136	2016-05-26	73.0999984741211	72.19999694824219	72.19999694824219	72.5999984741211	51000.0	59.91353988647461
137	2016-05-27	72.80000305175781	72.30000305175781	72.5999984741211	72.69999694824219	32000.0	59.996070861816406
138	2016-05-30	73.0	72.0999984741211	72.0999984741211	72.9000015258789	36000.0	60.16111755371094
139	2016-05-31	73.9000015258789	72.5999984741211	73.0	73.30000305175781	67000.0	60.49122619628906
140	2016-06-01	73.9000015258789	73.30000305175781	73.30000305175781	73.9000015258789	33000.0	60.98638153076172
141	2016-06-02	74.30000305175781	73.5	73.9000015258789	74.19999694824219	58000.0	61.23394775390625
142	2016-06-03	74.80000305175781	73.9000015258789	73.9000015258789	74.5999984741211	46000.0	61.564056396484375
143	2016-06-06	76.5999984741211	75.19999694824219	75.69999694824219	75.19999694824219	70000.0	62.059207916259766
144	2016-06-07	75.5999984741211	75.0999984741211	75.19999694824219	75.0999984741211	33000.0	61.97667694091797
145	2016-06-08	75.19999694824219	74.80000305175781	75.0999984741211	74.80000305175781	58000.0	61.72911071777344
146	2016-06-13	74.0999984741211	73.5	73.5	73.5	104000.0	60.65626907348633
147	2016-06-14	74.30000305175781	73.19999694824219	73.5999984741211	74.30000305175781	81000.0	61.31647872924805
148	2016-06-15	74.80000305175781	73.80000305175781	73.80000305175781	74.80000305175781	55000.0	61.72911071777344
149	2016-06-16	75.0	74.0	74.0	74.80000305175781	72000.0	61.72911071777344
150	2016-06-17	75.5	74.0	74.80000305175781	74.30000305175781	115000.0	61.31647872924805
151	2016-06-20	75.4000015258789	74.9000015258789	74.9000015258789	75.30000305175781	50000.0	62.14173889160156
152	2016-06-21	75.19999694824219	75.0	75.0	75.0	22000.0	61.8941535949707
153	2016-06-22	75.80000305175781	75.0	75.0	75.5	44000.0	62.306785583496094
154	2016-06-23	75.9000015258789	75.0	75.0	75.5	57000.0	62.306785583496094
155	2016-06-24	75.9000015258789	74.9000015258789	75.5	75.0	137000.0	61.8941535949707
156	2016-06-27	75.5	74.80000305175781	75.0999984741211	74.9000015258789	102000.0	61.8116340637207
157	2016-06-28	75.30000305175781	75.0	75.0	75.0	43000.0	61.8941535949707
158	2016-06-29	75.5999984741211	75.0999984741211	75.5	75.5	45000.0	62.306785583496094
159	2016-06-30	75.69999694824219	75.0999984741211	75.5	75.5	61000.0	62.306785583496094
160	2016-07-01	76.0	75.5999984741211	75.69999694824219	76.0	46000.0	62.71941375732422
161	2016-07-04	76.5	75.30000305175781	76.0	76.30000305175781	108000.0	62.96699142456055
162	2016-07-05	76.5999984741211	75.80000305175781	76.30000305175781	76.0	44000.0	62.71941375732422
163	2016-07-06	76.0999984741211	75.5999984741211	75.9000015258789	76.0	58000.0	62.71941375732422
164	2016-07-07	77.0	76.0	76.0	76.19999694824219	42000.0	62.88446044921875
165	2016-07-11	77.19999694824219	76.19999694824219	77.19999694824219	76.4000015258789	45000.0	63.04951477050781
166	2016-07-12	77.0	75.5	77.0	75.5	49000.0	62.306785583496094
167	2016-07-13	76.0	75.5999984741211	75.9000015258789	75.5999984741211	105000.0	62.38930892944336
168	2016-07-14	75.9000015258789	75.5999984741211	75.69999694824219	75.80000305175781	35000.0	62.55436325073242
169	2016-07-15	76.19999694824219	75.30000305175781	75.30000305175781	76.0	41000.0	62.71941375732422
170	2016-07-18	76.19999694824219	75.80000305175781	76.0	76.0	34000.0	62.71941375732422
171	2016-07-19	76.0	75.80000305175781	76.0	76.0	17000.0	62.71941375732422
172	2016-07-20	76.0999984741211	75.5	75.5	76.0999984741211	38000.0	62.801937103271484
173	2016-07-21	76.19999694824219	75.80000305175781	75.80000305175781	76.0999984741211	36000.0	62.801937103271484
174	2016-07-22	76.0	75.80000305175781	75.80000305175781	75.9000015258789	32000.0	62.63688659667969
175	2016-07-25	76.0999984741211	75.69999694824219	75.69999694824219	76.0999984741211	36000.0	62.801937103271484
176	2016-07-26	76.0999984741211	75.80000305175781	76.0999984741211	76.0	25000.0	62.71941375732422
177	2016-07-27	76.19999694824219	75.80000305175781	76.0	76.0	34000.0	62.71941375732422
178	2016-07-28	76.30000305175781	75.9000015258789	76.19999694824219	76.0	47000.0	62.71941375732422
179	2016-07-29	76.0999984741211	75.5999984741211	76.0	75.80000305175781	57000.0	62.55436325073242
180	2016-08-01	75.80000305175781	75.5	75.5	75.80000305175781	29000.0	62.55436325073242
181	2016-08-02	75.80000305175781	75.5	75.5	75.80000305175781	15000.0	62.55436325073242
182	2016-08-03	75.80000305175781	75.0	75.5	75.5	60000.0	62.306785583496094
183	2016-08-04	76.4000015258789	75.69999694824219	75.80000305175781	76.4000015258789	42000.0	63.04951477050781
184	2016-08-05	77.30000305175781	76.4000015258789	76.9000015258789	77.0	92000.0	63.5446662902832
185	2016-08-08	77.69999694824219	77.0	77.5999984741211	77.4000015258789	62000.0	63.8747673034668
186	2016-08-09	77.5999984741211	77.0999984741211	77.19999694824219	77.4000015258789	42000.0	63.8747673034668
187	2016-08-10	79.0	78.0	78.0	78.5999984741211	131000.0	64.86507415771484
188	2016-08-11	79.19999694824219	78.0999984741211	78.5999984741211	78.5	61000.0	64.78254699707031
189	2016-08-12	79.19999694824219	78.5	78.5	79.19999694824219	78000.0	65.3602294921875
190	2016-08-15	79.5	79.0	79.5	79.19999694824219	83000.0	65.3602294921875
191	2016-08-16	79.19999694824219	78.9000015258789	79.0999984741211	79.0	117000.0	65.19518280029297
192	2016-08-17	79.69999694824219	79.0999984741211	79.4000015258789	79.69999694824219	304000.0	65.77286529541016
193	2016-08-18	77.80000305175781	75.80000305175781	76.0	76.9000015258789	169000.0	66.63943481445312
194	2016-08-19	78.0	76.5	78.0	76.5	72000.0	66.29280090332031
195	2016-08-22	76.5	76.0	76.19999694824219	76.0999984741211	56000.0	65.94617462158203
196	2016-08-23	76.0	75.0999984741211	75.0999984741211	75.9000015258789	56000.0	65.77285766601562
197	2016-08-24	76.5	75.9000015258789	76.5	75.9000015258789	35000.0	65.77285766601562
198	2016-08-25	77.5	75.5	75.9000015258789	76.9000015258789	103000.0	66.63943481445312
199	2016-08-26	77.0999984741211	76.19999694824219	77.0999984741211	76.19999694824219	36000.0	66.03282928466797
200	2016-08-29	76.5	75.5	76.5	76.0	27000.0	65.8595199584961
201	2016-08-30	76.30000305175781	75.5999984741211	76.30000305175781	75.80000305175781	33000.0	65.68620300292969
202	2016-08-31	77.4000015258789	75.5999984741211	76.4000015258789	76.5	75000.0	66.29280090332031
203	2016-09-01	77.4000015258789	76.19999694824219	77.4000015258789	76.5	26000.0	66.29280090332031
204	2016-09-02	76.5	75.69999694824219	76.5	75.9000015258789	18000.0	65.77285766601562
205	2016-09-05	76.30000305175781	75.69999694824219	76.30000305175781	76.19999694824219	26000.0	66.03282928466797
206	2016-09-06	76.69999694824219	75.80000305175781	76.5	76.0	20000.0	65.8595199584961
207	2016-09-07	76.9000015258789	76.0	76.0	76.9000015258789	49000.0	66.63943481445312
208	2016-09-08	76.9000015258789	76.5999984741211	76.5999984741211	76.80000305175781	32000.0	66.55278015136719
209	2016-09-09	76.5999984741211	75.9000015258789	76.5	76.0	57000.0	65.8595199584961
210	2016-09-12	75.5	75.30000305175781	75.5	75.30000305175781	25000.0	65.25292205810547
211	2016-09-13	75.4000015258789	74.5999984741211	75.4000015258789	74.69999694824219	78000.0	64.73297119140625
212	2016-09-14	76.69999694824219	74.19999694824219	74.80000305175781	76.0	67000.0	65.8595199584961
213	2016-09-19	76.9000015258789	76.30000305175781	76.69999694824219	76.5	36000.0	66.29280090332031
214	2016-09-20	76.5	75.80000305175781	76.5	76.0	19000.0	65.8595199584961
215	2016-09-21	77.5	75.4000015258789	75.5	77.4000015258789	70000.0	67.07271575927734
216	2016-09-22	77.0999984741211	76.30000305175781	76.5999984741211	76.69999694824219	25000.0	66.46611785888672
217	2016-09-23	76.5	76.0999984741211	76.4000015258789	76.0999984741211	17000.0	65.94617462158203
218	2016-09-26	76.30000305175781	75.5999984741211	75.5999984741211	75.80000305175781	25000.0	65.68620300292969
219	2016-09-27	75.80000305175781	75.80000305175781	75.80000305175781	75.80000305175781	0.0	65.68620300292969
220	2016-09-28	75.80000305175781	75.80000305175781	75.80000305175781	75.80000305175781	0.0	65.68620300292969
221	2016-09-29	75.9000015258789	75.69999694824219	75.80000305175781	75.69999694824219	30000.0	65.59954071044922
222	2016-09-30	75.5999984741211	75.30000305175781	75.5	75.5999984741211	34000.0	65.51288604736328
223	2016-10-03	75.5	75.30000305175781	75.5	75.4000015258789	21000.0	65.3395767211914
224	2016-10-04	76.30000305175781	75.4000015258789	76.30000305175781	75.5	46000.0	65.42623138427734
225	2016-10-05	75.5	75.5	75.5	75.5	0.0	65.42623138427734
226	2016-10-06	76.0	75.4000015258789	75.5	75.5	70000.0	65.42623138427734
227	2016-10-07	76.19999694824219	75.19999694824219	76.19999694824219	75.4000015258789	4000.0	65.3395767211914
228	2016-10-11	75.80000305175781	75.4000015258789	75.4000015258789	75.5999984741211	19000.0	65.51288604736328
229	2016-10-12	76.0	75.4000015258789	75.5999984741211	76.0	40000.0	65.8595199584961
230	2016-10-13	76.5	75.5999984741211	76.0	76.5	29000.0	66.29280090332031
231	2016-10-14	76.5	75.69999694824219	75.69999694824219	76.30000305175781	35000.0	66.11949157714844
232	2016-10-17	76.4000015258789	76.19999694824219	76.4000015258789	76.30000305175781	20000.0	66.11949157714844
233	2016-10-18	76.5999984741211	76.0	76.30000305175781	76.5	20000.0	66.29280090332031
234	2016-10-19	76.69999694824219	76.30000305175781	76.5	76.5	19000.0	66.29280090332031
235	2016-10-20	78.0	76.5	76.9000015258789	77.5	106000.0	67.15937805175781
236	2016-10-21	77.80000305175781	76.80000305175781	77.5	77.0	74000.0	66.72608947753906
237	2016-10-24	77.19999694824219	77.0	77.0	77.0999984741211	12000.0	66.812744140625
238	2016-10-25	77.9000015258789	76.5	77.9000015258789	76.80000305175781	23000.0	66.55278015136719
239	2016-10-26	77.19999694824219	76.5	76.80000305175781	77.19999694824219	33000.0	66.89939880371094
240	2016-10-27	78.19999694824219	77.0	77.0	77.5	53000.0	67.15937805175781
241	2016-10-28	77.0999984741211	77.0	77.0999984741211	77.0	13000.0	66.72608947753906
242	2016-10-31	77.69999694824219	76.5999984741211	77.0	77.69999694824219	32000.0	67.33268737792969
243	2016-11-01	77.9000015258789	76.69999694824219	76.69999694824219	77.5999984741211	32000.0	67.24603271484375
244	2016-11-02	78.0	77.30000305175781	77.69999694824219	77.4000015258789	33000.0	67.07271575927734
245	2016-11-03	78.0	77.0999984741211	77.80000305175781	77.69999694824219	71000.0	67.33268737792969
246	2016-11-04	78.4000015258789	77.5	77.69999694824219	78.19999694824219	46000.0	67.76597595214844
247	2016-11-07	78.19999694824219	77.0999984741211	77.0999984741211	77.5999984741211	38000.0	67.24603271484375
248	2016-11-08	78.0	77.5999984741211	77.9000015258789	78.0	12000.0	67.59265899658203
249	2016-11-09	77.9000015258789	77.19999694824219	77.19999694824219	77.30000305175781	73000.0	66.9860610961914
250	2016-11-10	78.0	77.19999694824219	77.30000305175781	77.69999694824219	13000.0	67.33268737792969
251	2016-11-11	78.4000015258789	77.19999694824219	78.4000015258789	77.4000015258789	26000.0	67.07271575927734
252	2016-11-14	77.5	77.19999694824219	77.19999694824219	77.19999694824219	9000.0	66.89939880371094
253	2016-11-15	77.80000305175781	76.19999694824219	76.19999694824219	77.19999694824219	16000.0	66.89939880371094
254	2016-11-16	78.19999694824219	77.0	77.0	77.9000015258789	36000.0	67.5060043334961
255	2016-11-17	77.5	77.30000305175781	77.30000305175781	77.5	8000.0	67.15937805175781
256	2016-11-18	78.0999984741211	77.0999984741211	77.0999984741211	78.0999984741211	19000.0	67.67931365966797
257	2016-11-21	78.80000305175781	77.80000305175781	77.80000305175781	78.0999984741211	13000.0	67.67931365966797
258	2016-11-22	78.5	77.19999694824219	77.19999694824219	78.30000305175781	18000.0	67.8526382446289
259	2016-11-23	78.5	77.4000015258789	77.4000015258789	78.5	29000.0	68.02594757080078
260	2016-11-24	78.4000015258789	78.19999694824219	78.4000015258789	78.4000015258789	18000.0	67.93929290771484
261	2016-11-25	79.0999984741211	77.80000305175781	77.80000305175781	79.0999984741211	32000.0	68.54589080810547
262	2016-11-28	78.9000015258789	78.4000015258789	78.4000015258789	78.69999694824219	21000.0	68.19925689697266
263	2016-11-29	79.19999694824219	78.80000305175781	79.19999694824219	78.9000015258789	9000.0	68.37257385253906
264	2016-11-30	79.5999984741211	77.0999984741211	78.69999694824219	77.0999984741211	92000.0	66.812744140625
265	2016-12-01	78.0999984741211	77.5999984741211	78.0	77.5999984741211	91000.0	67.24603271484375
266	2016-12-02	77.9000015258789	76.5	77.5999984741211	77.9000015258789	24000.0	67.5060043334961
267	2016-12-05	78.0	78.0	78.0	78.0	13000.0	67.59265899658203
268	2016-12-06	78.0999984741211	77.4000015258789	78.0	77.5	175000.0	67.15937805175781
269	2016-12-07	77.80000305175781	77.4000015258789	77.5	77.5999984741211	38000.0	67.24603271484375
270	2016-12-08	77.80000305175781	77.19999694824219	77.5999984741211	77.80000305175781	63000.0	67.41934967041016
271	2016-12-09	78.19999694824219	77.69999694824219	77.80000305175781	77.69999694824219	28000.0	67.33268737792969
272	2016-12-12	78.0	77.69999694824219	77.69999694824219	77.80000305175781	112000.0	67.41934967041016
273	2016-12-13	78.5	77.9000015258789	78.19999694824219	78.0	127000.0	67.59265899658203
274	2016-12-14	78.80000305175781	78.0	78.80000305175781	78.19999694824219	120000.0	67.76597595214844
275	2016-12-15	78.19999694824219	78.0	78.19999694824219	78.0	24000.0	67.59265899658203
276	2016-12-16	78.5	77.9000015258789	78.0	78.5	138000.0	68.02594757080078
277	2016-12-19	78.69999694824219	78.19999694824219	78.5	78.30000305175781	122000.0	67.8526382446289
278	2016-12-20	78.5999984741211	78.30000305175781	78.4000015258789	78.4000015258789	106000.0	67.93929290771484
279	2016-12-21	80.0	78.4000015258789	78.4000015258789	80.0	76000.0	69.32581329345703
280	2016-12-22	80.5	79.5999984741211	80.0	79.69999694824219	33000.0	69.06584167480469
281	2016-12-23	79.0	78.9000015258789	79.0	78.9000015258789	21000.0	68.37257385253906
282	2016-12-26	78.9000015258789	78.69999694824219	78.69999694824219	78.9000015258789	31000.0	68.37257385253906
283	2016-12-27	78.9000015258789	78.69999694824219	78.9000015258789	78.80000305175781	16000.0	68.28591918945312
284	2016-12-28	79.30000305175781	78.9000015258789	79.0	79.0	50000.0	68.45923614501953
285	2016-12-29	79.0	78.5	78.5	78.69999694824219	3000.0	68.19925689697266
286	2016-12-30	80.0	78.80000305175781	78.80000305175781	80.0	86000.0	69.32581329345703
287	2017-01-03	80.5	79.80000305175781	80.0	80.0	20000.0	69.32581329345703
288	2017-01-04	80.5	79.80000305175781	80.5	80.19999694824219	73000.0	69.49911499023438
289	2017-01-05	80.0	79.9000015258789	80.0	80.0	35000.0	69.32581329345703
290	2017-01-06	80.0999984741211	79.4000015258789	79.5	80.0	30000.0	69.32581329345703
291	2017-01-09	80.0	79.9000015258789	80.0	79.9000015258789	12000.0	69.23915100097656
292	2017-01-10	80.0	79.0999984741211	79.9000015258789	80.0	50000.0	69.32581329345703
293	2017-01-11	81.0	80.30000305175781	80.9000015258789	80.4000015258789	25000.0	69.67243957519531
294	2017-01-12	80.5999984741211	80.0	80.0999984741211	80.19999694824219	19000.0	69.49911499023438
295	2017-01-13	80.5	80.30000305175781	80.30000305175781	80.4000015258789	20000.0	69.67243957519531
296	2017-01-16	80.0999984741211	79.69999694824219	79.9000015258789	80.0	20000.0	69.32581329345703
297	2017-01-17	80.19999694824219	80.0	80.19999694824219	80.0999984741211	7000.0	69.41246032714844
298	2017-01-18	80.5999984741211	80.0999984741211	80.5	80.5999984741211	22000.0	69.84574890136719
299	2017-01-19	80.80000305175781	80.0999984741211	80.30000305175781	80.5	21000.0	69.75909423828125
300	2017-01-20	80.5999984741211	80.30000305175781	80.5	80.30000305175781	21000.0	69.58577728271484
301	2017-01-23	81.0999984741211	80.5	80.5	81.0999984741211	20000.0	70.27903747558594
302	2017-01-24	81.0	80.80000305175781	81.0	80.9000015258789	17000.0	70.10572052001953
303	2017-02-02	81.19999694824219	80.0	81.0	81.19999694824219	54000.0	70.36569213867188
304	2017-02-03	81.19999694824219	80.5	81.0999984741211	80.5999984741211	26000.0	69.84574890136719
305	2017-02-06	81.0	80.5	81.0	80.5999984741211	30000.0	69.84574890136719
306	2017-02-07	81.0	80.5999984741211	80.69999694824219	80.9000015258789	34000.0	70.10572052001953
307	2017-02-08	81.5999984741211	80.9000015258789	80.9000015258789	81.4000015258789	65000.0	70.53901672363281
308	2017-02-09	82.5	81.5999984741211	81.5999984741211	82.5	35000.0	71.49224090576172
309	2017-02-10	82.5	81.4000015258789	82.5	81.80000305175781	47000.0	70.88563537597656
310	2017-02-13	82.0	81.5	81.80000305175781	82.0	37000.0	71.05895233154297
311	2017-02-14	82.19999694824219	81.9000015258789	82.0	82.19999694824219	37000.0	71.23226165771484
312	2017-02-15	82.5	81.9000015258789	82.19999694824219	82.5	46000.0	71.49224090576172
313	2017-02-16	82.4000015258789	81.80000305175781	82.0	81.9000015258789	43000.0	70.97229766845703
314	2017-02-17	81.9000015258789	81.69999694824219	81.9000015258789	81.80000305175781	55000.0	70.88563537597656
315	2017-02-20	81.5	81.4000015258789	81.5	81.5	33000.0	70.62566375732422
316	2017-02-21	81.5999984741211	81.4000015258789	81.5999984741211	81.5	94000.0	70.62566375732422
317	2017-02-22	82.5	81.9000015258789	82.0999984741211	82.0	39000.0	71.05895233154297
318	2017-02-23	83.4000015258789	81.80000305175781	83.4000015258789	82.0	83000.0	71.05895233154297
319	2017-02-24	82.30000305175781	81.80000305175781	82.0	81.9000015258789	37000.0	70.97229766845703
320	2017-03-01	82.0999984741211	81.0999984741211	81.80000305175781	81.5999984741211	152000.0	70.71231842041016
321	2017-03-02	81.69999694824219	81.0	81.0	81.5999984741211	41000.0	70.71231842041016
322	2017-03-03	81.5999984741211	81.30000305175781	81.5999984741211	81.5	106000.0	70.62566375732422
323	2017-03-06	81.5999984741211	81.19999694824219	81.5	81.5	88000.0	70.62566375732422
324	2017-03-07	82.0	81.4000015258789	81.5	81.9000015258789	39000.0	70.97229766845703
325	2017-03-08	82.5	81.9000015258789	82.0	82.5	32000.0	71.49224090576172
326	2017-03-09	83.0	82.4000015258789	83.0	82.4000015258789	61000.0	71.40557861328125
327	2017-03-10	82.4000015258789	82.0	82.4000015258789	82.4000015258789	19000.0	71.40557861328125
328	2017-03-13	83.0	82.30000305175781	82.30000305175781	82.5999984741211	50000.0	71.57889556884766
329	2017-03-14	83.19999694824219	82.4000015258789	82.5999984741211	83.19999694824219	39000.0	72.09883117675781
330	2017-03-15	83.0999984741211	82.5999984741211	82.80000305175781	83.0	87000.0	71.92552185058594
331	2017-03-16	84.0999984741211	82.80000305175781	82.9000015258789	83.0999984741211	74000.0	72.0121841430664
332	2017-03-17	83.5999984741211	82.19999694824219	83.19999694824219	82.30000305175781	237000.0	71.31892395019531
333	2017-03-20	83.0	82.19999694824219	82.30000305175781	83.0	53000.0	71.92552185058594
334	2017-03-21	83.19999694824219	83.0	83.0	83.0999984741211	44000.0	72.0121841430664
335	2017-03-22	83.0	82.69999694824219	83.0	82.80000305175781	71000.0	71.7522201538086
336	2017-03-23	84.4000015258789	82.80000305175781	84.4000015258789	82.80000305175781	82000.0	71.7522201538086
337	2017-03-24	83.0	82.69999694824219	82.80000305175781	82.80000305175781	10000.0	71.7522201538086
338	2017-03-27	83.0	82.5	82.80000305175781	82.5	57000.0	71.49224090576172
339	2017-03-28	83.0999984741211	82.4000015258789	82.5999984741211	82.4000015258789	61000.0	71.40557861328125
340	2017-03-29	82.5	81.0999984741211	82.5	82.0	175000.0	71.05895233154297
341	2017-03-30	82.0	81.4000015258789	82.0	81.5	111000.0	70.62566375732422
342	2017-03-31	81.5	80.4000015258789	81.5	80.5	128000.0	69.75909423828125
343	2017-04-05	80.69999694824219	80.30000305175781	80.5	80.5999984741211	97000.0	69.84574890136719
344	2017-04-06	81.30000305175781	80.5999984741211	80.69999694824219	81.0	71000.0	70.19237518310547
345	2017-04-07	81.69999694824219	80.80000305175781	81.0	81.0	135000.0	70.19237518310547
346	2017-04-10	81.4000015258789	81.0	81.0	81.19999694824219	41000.0	70.36569213867188
347	2017-04-11	81.30000305175781	81.0999984741211	81.19999694824219	81.19999694824219	89000.0	70.36569213867188
348	2017-04-12	81.0999984741211	80.80000305175781	81.0	81.0	104000.0	70.19237518310547
349	2017-04-13	81.5999984741211	80.9000015258789	81.0	81.0	57000.0	70.19237518310547
350	2017-04-14	81.0999984741211	80.9000015258789	81.0	80.9000015258789	8000.0	70.10572052001953
351	2017-04-17	81.0	80.5	80.9000015258789	80.69999694824219	54000.0	69.93240356445312
352	2017-04-18	81.69999694824219	80.5	80.69999694824219	80.80000305175781	115000.0	70.0190658569336
353	2017-04-19	81.0999984741211	80.69999694824219	80.80000305175781	80.80000305175781	117000.0	70.0190658569336
354	2017-04-20	81.0	80.69999694824219	80.80000305175781	80.80000305175781	118000.0	70.0190658569336
355	2017-04-21	83.0	81.0999984741211	83.0	81.19999694824219	79000.0	70.36569213867188
356	2017-04-24	81.80000305175781	81.0999984741211	81.0999984741211	81.80000305175781	2000.0	70.88563537597656
357	2017-04-25	81.80000305175781	81.69999694824219	81.80000305175781	81.69999694824219	3000.0	70.79898071289062
358	2017-04-26	81.69999694824219	81.5999984741211	81.69999694824219	81.5999984741211	8000.0	70.71231842041016
359	2017-04-27	81.5	81.5	81.5	81.5	2000.0	70.62566375732422
360	2017-04-28	82.0	82.0	82.0	82.0	2000.0	71.05895233154297
361	2017-05-02	82.5	82.0	82.0	82.0999984741211	10000.0	71.1456069946289
362	2017-05-03	82.19999694824219	82.0	82.0999984741211	82.0	24000.0	71.05895233154297
363	2017-05-04	83.0	82.0999984741211	82.0999984741211	82.80000305175781	46000.0	71.7522201538086
364	2017-05-05	83.30000305175781	82.80000305175781	82.9000015258789	83.19999694824219	24000.0	72.09883117675781
365	2017-05-08	83.5	83.0999984741211	83.5	83.30000305175781	23000.0	72.18549346923828
366	2017-05-09	83.9000015258789	83.30000305175781	83.30000305175781	83.30000305175781	34000.0	72.18549346923828
367	2017-05-10	84.0	82.5	84.0	83.0	37000.0	71.92552185058594
368	2017-05-11	83.30000305175781	83.0	83.0	83.0	53000.0	71.92552185058594
369	2017-05-12	83.80000305175781	83.0	83.80000305175781	83.0	10000.0	71.92552185058594
370	2017-05-15	83.5	82.5999984741211	83.0	83.4000015258789	47000.0	72.27216339111328
371	2017-05-16	83.4000015258789	82.5999984741211	82.5999984741211	83.4000015258789	5000.0	72.27216339111328
372	2017-05-17	84.19999694824219	83.0999984741211	83.4000015258789	84.19999694824219	55000.0	72.96541595458984
373	2017-05-18	84.19999694824219	83.0999984741211	84.0	84.19999694824219	67000.0	72.96541595458984
374	2017-05-19	84.0999984741211	83.30000305175781	83.9000015258789	83.5	38000.0	72.35881042480469
375	2017-05-22	83.9000015258789	83.0	83.0	83.5	33000.0	72.35881042480469
376	2017-05-23	83.5	83.0999984741211	83.5	83.5	16000.0	72.35881042480469
377	2017-05-24	83.5	83.0999984741211	83.5	83.0999984741211	21000.0	72.0121841430664
378	2017-05-25	84.0	83.19999694824219	83.80000305175781	84.0	55000.0	72.7920913696289
379	2017-05-26	84.5	83.5	83.5	84.0999984741211	35000.0	72.87875366210938
380	2017-05-31	85.4000015258789	83.9000015258789	84.80000305175781	85.4000015258789	257000.0	74.00529479980469
381	2017-06-01	85.4000015258789	83.0	85.4000015258789	83.9000015258789	68000.0	72.7054443359375
382	2017-06-02	84.0999984741211	83.69999694824219	84.0	83.69999694824219	37000.0	72.53211975097656
383	2017-06-05	83.5999984741211	82.5	83.5999984741211	82.80000305175781	87000.0	71.7522201538086
384	2017-06-06	82.80000305175781	82.19999694824219	82.80000305175781	82.80000305175781	38000.0	71.7522201538086
385	2017-06-07	82.80000305175781	82.4000015258789	82.80000305175781	82.5999984741211	4000.0	71.57889556884766
386	2017-06-08	82.80000305175781	82.5999984741211	82.5999984741211	82.80000305175781	7000.0	71.7522201538086
387	2017-06-09	83.0	82.5	83.0	82.9000015258789	9000.0	71.8388671875
388	2017-06-12	83.5	82.19999694824219	82.19999694824219	83.5	61000.0	72.35881042480469
389	2017-06-13	83.30000305175781	82.9000015258789	83.30000305175781	82.9000015258789	6000.0	71.8388671875
390	2017-06-14	82.80000305175781	82.5999984741211	82.69999694824219	82.80000305175781	24000.0	71.7522201538086
391	2017-06-15	82.69999694824219	82.69999694824219	82.69999694824219	82.69999694824219	1000.0	71.6655502319336
392	2017-06-16	83.0999984741211	82.5999984741211	82.69999694824219	83.0999984741211	28000.0	72.0121841430664
393	2017-06-19	83.19999694824219	82.80000305175781	83.0999984741211	82.80000305175781	21000.0	71.7522201538086
394	2017-06-20	83.19999694824219	83.0	83.0	83.19999694824219	8000.0	72.09883117675781
395	2017-06-21	84.19999694824219	83.19999694824219	83.19999694824219	83.80000305175781	56000.0	72.61878204345703
396	2017-06-22	83.80000305175781	83.80000305175781	83.80000305175781	83.80000305175781	0.0	72.61878204345703
397	2017-06-23	84.19999694824219	83.4000015258789	84.19999694824219	83.9000015258789	9000.0	72.7054443359375
398	2017-06-26	84.0999984741211	83.69999694824219	83.9000015258789	83.9000015258789	59000.0	72.7054443359375
399	2017-06-27	84.0	83.5999984741211	83.9000015258789	83.80000305175781	37000.0	72.61878204345703
400	2017-06-28	83.80000305175781	83.0999984741211	83.80000305175781	83.19999694824219	31000.0	72.09883117675781
401	2017-06-29	83.5	83.0999984741211	83.19999694824219	83.0999984741211	41000.0	72.0121841430664
402	2017-06-30	83.0	82.5999984741211	82.5999984741211	83.0	6000.0	71.92552185058594
403	2017-07-03	83.0	82.4000015258789	82.4000015258789	82.5999984741211	13000.0	71.57889556884766
404	2017-07-04	82.80000305175781	82.5999984741211	82.80000305175781	82.69999694824219	6000.0	71.6655502319336
405	2017-07-05	82.69999694824219	82.0999984741211	82.30000305175781	82.69999694824219	16000.0	71.6655502319336
406	2017-07-06	82.69999694824219	82.5	82.69999694824219	82.5999984741211	23000.0	71.57889556884766
407	2017-07-07	82.4000015258789	82.0999984741211	82.4000015258789	82.0999984741211	19000.0	71.1456069946289
408	2017-07-10	82.30000305175781	81.19999694824219	82.0999984741211	82.30000305175781	19000.0	71.31892395019531
409	2017-07-11	82.4000015258789	81.69999694824219	82.4000015258789	82.0	41000.0	71.05895233154297
410	2017-07-12	82.0999984741211	82.0	82.0	82.0999984741211	4000.0	71.1456069946289
411	2017-07-13	83.4000015258789	81.9000015258789	83.4000015258789	82.19999694824219	38000.0	71.23226165771484
412	2017-07-14	82.19999694824219	82.19999694824219	82.19999694824219	82.19999694824219	3000.0	71.23226165771484
413	2017-07-17	82.69999694824219	82.0999984741211	82.30000305175781	82.0999984741211	6000.0	71.1456069946289
414	2017-07-18	82.19999694824219	82.0999984741211	82.0999984741211	82.19999694824219	5000.0	71.23226165771484
415	2017-07-19	82.5	82.0999984741211	82.30000305175781	82.0999984741211	37000.0	71.1456069946289
416	2017-07-20	82.4000015258789	82.4000015258789	82.4000015258789	82.4000015258789	4000.0	71.40557861328125
417	2017-07-21	82.4000015258789	82.4000015258789	82.4000015258789	82.4000015258789	0.0	71.40557861328125
418	2017-07-24	82.4000015258789	82.30000305175781	82.4000015258789	82.30000305175781	2000.0	71.31892395019531
419	2017-07-25	82.30000305175781	82.30000305175781	82.30000305175781	82.30000305175781	11000.0	71.31892395019531
420	2017-07-26	82.30000305175781	82.0999984741211	82.30000305175781	82.30000305175781	31000.0	71.31892395019531
421	2017-07-27	83.0999984741211	82.30000305175781	82.30000305175781	82.30000305175781	64000.0	71.31892395019531
422	2017-07-28	82.4000015258789	82.0999984741211	82.30000305175781	82.30000305175781	43000.0	71.31892395019531
423	2017-07-31	82.30000305175781	81.9000015258789	82.30000305175781	82.30000305175781	35000.0	71.31892395019531
424	2017-08-01	82.30000305175781	82.0	82.30000305175781	82.0	70000.0	71.05895233154297
425	2017-08-02	82.0999984741211	81.9000015258789	81.9000015258789	82.0	18000.0	71.05895233154297
426	2017-08-03	82.30000305175781	82.0	82.0	82.0	7000.0	71.05895233154297
427	2017-08-04	82.5	81.9000015258789	81.9000015258789	82.4000015258789	16000.0	71.40557861328125
428	2017-08-07	83.0999984741211	82.69999694824219	83.0999984741211	82.69999694824219	12000.0	71.6655502319336
429	2017-08-08	83.0999984741211	82.69999694824219	83.0999984741211	82.69999694824219	21000.0	71.6655502319336
430	2017-08-09	82.80000305175781	82.4000015258789	82.69999694824219	82.80000305175781	19000.0	71.7522201538086
431	2017-08-10	82.5	81.5999984741211	82.5	82.4000015258789	115000.0	71.40557861328125
432	2017-08-11	82.69999694824219	81.9000015258789	81.9000015258789	82.5	22000.0	71.49224090576172
433	2017-08-14	82.5	81.9000015258789	82.5	82.19999694824219	33000.0	71.23226165771484
434	2017-08-15	82.4000015258789	81.9000015258789	82.19999694824219	81.9000015258789	24000.0	70.97229766845703
435	2017-08-16	82.30000305175781	81.80000305175781	81.80000305175781	81.9000015258789	22000.0	70.97229766845703
436	2017-08-17	82.9000015258789	82.0	82.0	82.9000015258789	57000.0	71.8388671875
437	2017-08-18	83.80000305175781	82.9000015258789	82.9000015258789	83.4000015258789	168000.0	72.27216339111328
438	2017-08-21	80.0999984741211	79.0999984741211	80.0	79.9000015258789	100002.0	72.7272720336914
439	2017-08-22	81.4000015258789	79.5999984741211	79.5999984741211	81.4000015258789	69500.0	74.09261322021484
440	2017-08-23	82.0	79.9000015258789	81.4000015258789	81.69999694824219	68381.0	74.36567687988281
441	2017-08-24	82.0	81.0	82.0	81.0	42203.0	73.72852325439453
442	2017-08-25	81.4000015258789	80.69999694824219	81.0999984741211	81.4000015258789	52644.0	74.09261322021484
443	2017-08-28	82.0	81.0999984741211	81.0999984741211	82.0	12110.0	74.63874816894531
444	2017-08-29	81.30000305175781	80.9000015258789	81.19999694824219	81.0999984741211	30085.0	73.81954193115234
445	2017-08-30	81.5	80.69999694824219	81.30000305175781	80.69999694824219	12100.0	73.45545196533203
446	2017-08-31	81.5999984741211	80.0	81.0999984741211	81.5999984741211	113537.0	74.274658203125
447	2017-09-01	81.0999984741211	80.9000015258789	80.9000015258789	80.9000015258789	12012.0	73.63750457763672
448	2017-09-04	80.69999694824219	79.9000015258789	80.69999694824219	79.9000015258789	64012.0	72.7272720336914
449	2017-09-05	80.69999694824219	79.9000015258789	79.9000015258789	80.69999694824219	22031.0	73.45545196533203
450	2017-09-06	80.5999984741211	79.69999694824219	80.5999984741211	79.69999694824219	58070.0	72.54521942138672
451	2017-09-07	80.19999694824219	79.80000305175781	80.0999984741211	80.0999984741211	17240.0	72.90930938720703
452	2017-09-08	79.80000305175781	79.80000305175781	79.80000305175781	79.80000305175781	5687.0	72.63624572753906
453	2017-09-11	80.0999984741211	79.5	79.80000305175781	80.0	46200.0	72.81829071044922
454	2017-09-12	80.4000015258789	79.80000305175781	79.9000015258789	79.80000305175781	60000.0	72.63624572753906
455	2017-09-13	80.5	79.69999694824219	79.69999694824219	79.80000305175781	45241.0	72.63624572753906
456	2017-09-14	79.69999694824219	79.5999984741211	79.5999984741211	79.69999694824219	6013.0	72.54521942138672
457	2017-09-15	79.5999984741211	79.0999984741211	79.30000305175781	79.5999984741211	48500.0	72.4542007446289
458	2017-09-18	80.0999984741211	79.5999984741211	79.5999984741211	80.0	27069.0	72.81829071044922
459	2017-09-19	80.19999694824219	79.4000015258789	79.4000015258789	80.0999984741211	25000.0	72.90930938720703
460	2017-09-20	80.0	79.4000015258789	79.5	79.80000305175781	42129.0	72.63624572753906
461	2017-09-21	79.9000015258789	79.4000015258789	79.4000015258789	79.9000015258789	7010.0	72.7272720336914
462	2017-09-22	80.0	79.5999984741211	80.0	79.5999984741211	25062.0	72.4542007446289
463	2017-09-25	79.69999694824219	79.4000015258789	79.5999984741211	79.69999694824219	13002.0	72.54521942138672
464	2017-09-26	79.69999694824219	79.69999694824219	79.69999694824219	79.69999694824219	5080.0	72.54521942138672
465	2017-09-27	79.80000305175781	79.69999694824219	79.80000305175781	79.69999694824219	26086.0	72.54521942138672
466	2017-09-28	80.19999694824219	79.5999984741211	79.5999984741211	80.0999984741211	19021.0	72.90930938720703
467	2017-09-29	80.19999694824219	79.9000015258789	80.0	80.19999694824219	8248.0	73.00033569335938
468	2017-10-02	80.4000015258789	79.80000305175781	79.80000305175781	80.4000015258789	2118.0	73.18238830566406
469	2017-10-03	80.0999984741211	79.80000305175781	79.80000305175781	79.80000305175781	17428.0	72.63624572753906
470	2017-10-05	80.4000015258789	80.19999694824219	80.19999694824219	80.4000015258789	3221.0	73.18238830566406
471	2017-10-06	80.80000305175781	80.0	80.4000015258789	80.19999694824219	18037.0	73.00033569335938
472	2017-10-11	80.30000305175781	80.0	80.19999694824219	80.0	15088.0	72.81829071044922
473	2017-10-12	80.5	80.0	80.0	80.4000015258789	10718.0	73.18238830566406
474	2017-10-13	80.5999984741211	80.0999984741211	80.4000015258789	80.4000015258789	23544.0	73.18238830566406
475	2017-10-16	80.5999984741211	80.0999984741211	80.4000015258789	80.5999984741211	10025.0	73.36442565917969
476	2017-10-17	80.69999694824219	80.0	80.0	80.69999694824219	20718.0	73.45545196533203
477	2017-10-18	80.30000305175781	80.0	80.30000305175781	80.0	25206.0	72.81829071044922
478	2017-10-19	80.30000305175781	79.0999984741211	80.30000305175781	79.19999694824219	164875.0	72.0901107788086
479	2017-10-20	79.19999694824219	78.5	79.19999694824219	78.5	108324.0	71.45294952392578
480	2017-10-23	78.80000305175781	78.5	78.5	78.5	62150.0	71.45294952392578
481	2017-10-24	79.69999694824219	78.80000305175781	78.80000305175781	79.5999984741211	11000.0	72.4542007446289
482	2017-10-25	79.9000015258789	79.5999984741211	79.5999984741211	79.80000305175781	16172.0	72.63624572753906
483	2017-10-26	80.4000015258789	79.69999694824219	80.4000015258789	79.69999694824219	6087.0	72.54521942138672
484	2017-10-27	79.69999694824219	79.5	79.5	79.69999694824219	3057.0	72.54521942138672
485	2017-10-30	80.0999984741211	79.5999984741211	79.69999694824219	80.0	18112.0	72.81829071044922
486	2017-10-31	80.0	79.5	80.0	79.5	4358.0	72.3631820678711
487	2017-11-01	80.5	79.9000015258789	79.9000015258789	80.30000305175781	109772.0	73.09136199951172
488	2017-11-02	80.5	79.5999984741211	80.5	79.5999984741211	31738.0	72.4542007446289
489	2017-11-03	79.69999694824219	79.69999694824219	79.69999694824219	79.69999694824219	3444.0	72.54521942138672
490	2017-11-06	79.69999694824219	79.69999694824219	79.69999694824219	79.69999694824219	1100.0	72.54521942138672
491	2017-11-07	80.0	79.9000015258789	80.0	80.0	5404.0	72.81829071044922
492	2017-11-08	80.4000015258789	79.5	79.5	80.4000015258789	9003.0	73.18238830566406
493	2017-11-09	80.80000305175781	79.5	80.0	80.80000305175781	33256.0	73.54647827148438
494	2017-11-10	80.69999694824219	79.5999984741211	79.5999984741211	80.69999694824219	6010.0	73.45545196533203
495	2017-11-13	79.5999984741211	79.0999984741211	79.4000015258789	79.5999984741211	59555.0	72.4542007446289
496	2017-11-14	79.9000015258789	78.5	79.4000015258789	79.9000015258789	61207.0	72.7272720336914
497	2017-11-15	80.5	78.80000305175781	79.9000015258789	79.80000305175781	81029.0	72.63624572753906
498	2017-11-16	80.5	79.0999984741211	79.80000305175781	80.4000015258789	27378.0	73.18238830566406
499	2017-11-17	80.4000015258789	80.30000305175781	80.30000305175781	80.4000015258789	11110.0	73.18238830566406
500	2017-11-20	80.69999694824219	80.4000015258789	80.5	80.69999694824219	15065.0	73.45545196533203
501	2017-11-21	82.0	80.5999984741211	80.5999984741211	81.5999984741211	95157.0	74.274658203125
502	2017-11-22	81.5999984741211	81.5	81.5	81.5999984741211	24100.0	74.274658203125
503	2017-11-23	82.0	80.9000015258789	81.69999694824219	81.4000015258789	24200.0	74.09261322021484
504	2017-11-24	81.5	80.69999694824219	81.5	81.30000305175781	45314.0	74.0015869140625
505	2017-11-27	81.69999694824219	80.69999694824219	81.69999694824219	81.0999984741211	31259.0	73.81954193115234
506	2017-11-28	81.0999984741211	80.69999694824219	80.9000015258789	81.0999984741211	26021.0	73.81954193115234
507	2017-11-29	81.80000305175781	80.5999984741211	81.30000305175781	80.5999984741211	15873.0	73.36442565917969
508	2017-11-30	82.0	80.0	80.69999694824219	82.0	62502.0	74.63874816894531
509	2017-12-01	81.9000015258789	80.4000015258789	81.9000015258789	81.9000015258789	12114.0	74.5477294921875
510	2017-12-04	82.0	81.30000305175781	81.80000305175781	82.0	38002.0	74.63874816894531
511	2017-12-05	81.9000015258789	80.9000015258789	81.80000305175781	81.9000015258789	57100.0	74.5477294921875
512	2017-12-06	81.9000015258789	81.5	81.69999694824219	81.9000015258789	10013.0	74.5477294921875
513	2017-12-07	81.9000015258789	81.0	81.9000015258789	81.69999694824219	37777.0	74.36567687988281
514	2017-12-08	82.30000305175781	81.5	81.69999694824219	81.69999694824219	27000.0	74.36567687988281
515	2017-12-11	81.5	80.5999984741211	81.5	81.0	29001.0	73.72852325439453
516	2017-12-12	81.4000015258789	80.69999694824219	80.80000305175781	81.4000015258789	27001.0	74.09261322021484
517	2017-12-13	81.4000015258789	80.30000305175781	81.0	80.5999984741211	36924.0	73.36442565917969
518	2017-12-14	81.4000015258789	80.9000015258789	80.9000015258789	81.0	33000.0	73.72852325439453
519	2017-12-15	81.0	80.19999694824219	81.0	80.9000015258789	56043.0	73.63750457763672
520	2017-12-18	80.9000015258789	80.5	80.9000015258789	80.80000305175781	22067.0	73.54647827148438
521	2017-12-19	81.9000015258789	80.5	81.9000015258789	81.0999984741211	24103.0	73.81954193115234
522	2017-12-20	81.4000015258789	80.80000305175781	81.30000305175781	80.80000305175781	12127.0	73.54647827148438
523	2017-12-21	81.9000015258789	80.69999694824219	81.9000015258789	81.69999694824219	19002.0	74.36567687988281
524	2017-12-22	81.9000015258789	81.0999984741211	81.0999984741211	81.19999694824219	15051.0	73.91056823730469
525	2017-12-25	81.4000015258789	80.9000015258789	81.4000015258789	81.0	6244.0	73.72852325439453
526	2017-12-26	81.0	80.4000015258789	81.0	80.5	16150.0	73.27340698242188
527	2017-12-27	81.5	80.4000015258789	81.5	80.69999694824219	19002.0	73.45545196533203
528	2017-12-28	81.4000015258789	80.19999694824219	81.4000015258789	80.4000015258789	37001.0	73.18238830566406
529	2017-12-29	81.0	80.4000015258789	80.5	81.0	18022.0	73.72852325439453
530	2018-01-02	81.30000305175781	81.0	81.0999984741211	81.19999694824219	13132.0	73.91056823730469
531	2018-01-03	81.30000305175781	81.0999984741211	81.19999694824219	81.30000305175781	11231.0	74.0015869140625
532	2018-01-04	81.5	81.0999984741211	81.5	81.0999984741211	21001.0	73.81954193115234
533	2018-01-05	81.5	80.0999984741211	81.5	81.19999694824219	20183.0	73.91056823730469
534	2018-01-08	81.4000015258789	80.19999694824219	81.19999694824219	80.4000015258789	47752.0	73.18238830566406
535	2018-01-09	80.9000015258789	80.5	80.69999694824219	80.9000015258789	31385.0	73.63750457763672
536	2018-01-10	81.0999984741211	80.4000015258789	81.0	81.0	37012.0	73.72852325439453
537	2018-01-11	81.30000305175781	80.30000305175781	80.4000015258789	81.30000305175781	25108.0	74.0015869140625
538	2018-01-12	81.30000305175781	80.5999984741211	80.69999694824219	81.0	22002.0	73.72852325439453
539	2018-01-15	80.69999694824219	80.4000015258789	80.5999984741211	80.69999694824219	31892.0	73.45545196533203
540	2018-01-16	81.0	80.0999984741211	80.30000305175781	81.0	58201.0	73.72852325439453
541	2018-01-17	82.0	80.4000015258789	81.0999984741211	80.9000015258789	47402.0	73.63750457763672
542	2018-01-18	81.5	80.9000015258789	81.30000305175781	80.9000015258789	20288.0	73.63750457763672
543	2018-01-19	81.5	80.9000015258789	80.9000015258789	81.5	36065.0	74.18363189697266
544	2018-01-22	82.0999984741211	81.80000305175781	81.80000305175781	82.0999984741211	68101.0	74.72977447509766
545	2018-01-23	82.30000305175781	81.5	82.0999984741211	82.0999984741211	34125.0	74.72977447509766
546	2018-01-24	82.4000015258789	81.30000305175781	82.0	81.69999694824219	15003.0	74.36567687988281
547	2018-01-25	82.30000305175781	81.5	81.9000015258789	82.30000305175781	27212.0	74.91181945800781
548	2018-01-26	82.30000305175781	81.80000305175781	82.30000305175781	82.0	14384.0	74.63874816894531
549	2018-01-29	82.0	81.5	81.80000305175781	82.0	15154.0	74.63874816894531
550	2018-01-30	82.0	80.80000305175781	82.0	80.80000305175781	12201.0	73.54647827148438
551	2018-01-31	82.0	80.30000305175781	80.80000305175781	81.80000305175781	38039.0	74.45670318603516
552	2018-02-01	82.0	81.4000015258789	82.0	82.0	36100.0	74.63874816894531
553	2018-02-02	82.19999694824219	80.80000305175781	80.80000305175781	82.0	57163.0	74.63874816894531
554	2018-02-05	82.30000305175781	81.0	81.9000015258789	82.19999694824219	73200.0	74.82079315185547
555	2018-02-06	81.5	80.4000015258789	80.69999694824219	81.5	70063.0	74.18363189697266
556	2018-02-07	82.0	80.5999984741211	80.5999984741211	81.30000305175781	126652.0	74.0015869140625
557	2018-02-08	81.30000305175781	80.80000305175781	81.30000305175781	81.30000305175781	24000.0	74.0015869140625
558	2018-02-09	81.19999694824219	80.0	80.30000305175781	80.4000015258789	119016.0	73.18238830566406
559	2018-02-12	82.0	80.4000015258789	80.4000015258789	81.5	57452.0	74.18363189697266
560	2018-02-21	82.19999694824219	81.4000015258789	82.19999694824219	82.0	76313.0	74.63874816894531
561	2018-02-22	82.30000305175781	82.0	82.30000305175781	82.0999984741211	4261.0	74.72977447509766
562	2018-02-23	82.0	81.4000015258789	81.80000305175781	81.4000015258789	18019.0	74.09261322021484
563	2018-02-26	82.0	81.0	81.5999984741211	81.30000305175781	40444.0	74.0015869140625
564	2018-02-27	82.0	80.80000305175781	81.0	82.0	56042.0	74.63874816894531
565	2018-03-01	83.0999984741211	80.9000015258789	81.0	83.0	47714.0	75.5489730834961
566	2018-03-02	83.0	81.5	82.30000305175781	82.0	33084.0	74.63874816894531
567	2018-03-05	81.5999984741211	80.5999984741211	81.5999984741211	81.0	32001.0	73.72852325439453
568	2018-03-06	82.0	81.0	81.0	81.5	18002.0	74.18363189697266
569	2018-03-07	82.0	81.0999984741211	81.9000015258789	81.9000015258789	27007.0	74.5477294921875
570	2018-03-08	82.5999984741211	81.19999694824219	81.30000305175781	82.4000015258789	56549.0	75.00284576416016
571	2018-03-09	82.5	81.4000015258789	82.4000015258789	82.0	67025.0	74.63874816894531
572	2018-03-12	82.5	81.5	82.0	82.0	35521.0	74.63874816894531
573	2018-03-13	83.19999694824219	81.5999984741211	81.5999984741211	82.80000305175781	78302.0	75.36693572998047
574	2018-03-14	82.80000305175781	82.80000305175781	82.80000305175781	82.80000305175781	2011.0	75.36693572998047
575	2018-03-15	83.0	81.9000015258789	81.9000015258789	83.0	52212.0	75.5489730834961
576	2018-03-16	83.5	81.9000015258789	83.0	81.9000015258789	1146805.0	74.5477294921875
577	2018-03-19	82.9000015258789	81.80000305175781	82.69999694824219	81.80000305175781	40161.0	74.45670318603516
578	2018-03-20	82.5	81.80000305175781	81.80000305175781	81.9000015258789	17026.0	74.5477294921875
579	2018-03-21	82.5	81.69999694824219	81.69999694824219	82.0999984741211	17163.0	74.72977447509766
580	2018-03-22	82.5	81.80000305175781	82.0	82.0999984741211	25089.0	74.72977447509766
581	2018-03-23	82.30000305175781	81.5999984741211	81.80000305175781	82.19999694824219	20047.0	74.82079315185547
582	2018-03-26	82.30000305175781	81.30000305175781	81.69999694824219	81.5999984741211	79153.0	74.274658203125
583	2018-03-27	82.9000015258789	81.4000015258789	81.4000015258789	82.4000015258789	55002.0	75.00284576416016
584	2018-03-28	82.69999694824219	82.0	82.19999694824219	82.5	16047.0	75.09386444091797
585	2018-03-29	82.69999694824219	82.4000015258789	82.4000015258789	82.5	23236.0	75.09386444091797
586	2018-03-30	82.0999984741211	82.0999984741211	82.0999984741211	82.0999984741211	6130.0	74.72977447509766
587	2018-04-02	81.80000305175781	81.0	81.0	81.5999984741211	12021.0	74.274658203125
588	2018-04-03	81.5999984741211	81.5	81.5999984741211	81.5999984741211	9064.0	74.274658203125
589	2018-04-09	81.5	81.4000015258789	81.4000015258789	81.5	16231.0	74.18363189697266
590	2018-04-10	81.80000305175781	81.0	81.5	81.5	34130.0	74.18363189697266
591	2018-04-11	81.69999694824219	81.5	81.69999694824219	81.5999984741211	31051.0	74.274658203125
592	2018-04-12	81.5999984741211	81.5999984741211	81.5999984741211	81.5999984741211	0.0	74.274658203125
593	2018-04-13	82.19999694824219	81.5999984741211	82.19999694824219	81.5999984741211	10000.0	74.274658203125
594	2018-04-16	82.5999984741211	81.9000015258789	82.5999984741211	81.9000015258789	39213.0	74.5477294921875
595	2018-04-17	82.5999984741211	81.80000305175781	81.9000015258789	82.0	17003.0	74.63874816894531
596	2018-04-18	82.30000305175781	81.4000015258789	81.5999984741211	81.4000015258789	19050.0	74.09261322021484
597	2018-04-19	81.5999984741211	81.0	81.5999984741211	81.0	71574.0	73.72852325439453
598	2018-04-20	81.19999694824219	80.5999984741211	81.19999694824219	81.0	49033.0	73.72852325439453
599	2018-04-23	80.80000305175781	80.19999694824219	80.69999694824219	80.80000305175781	89002.0	73.54647827148438
600	2018-04-24	81.5	80.19999694824219	80.80000305175781	81.30000305175781	36001.0	74.0015869140625
601	2018-04-25	81.0999984741211	80.69999694824219	80.69999694824219	80.9000015258789	27024.0	73.63750457763672
602	2018-04-26	81.0999984741211	80.4000015258789	80.4000015258789	81.0	10000.0	73.72852325439453
603	2018-04-27	81.0	80.9000015258789	81.0	81.0	3000.0	73.72852325439453
604	2018-04-30	81.0999984741211	80.0999984741211	81.0999984741211	80.19999694824219	41002.0	73.00033569335938
605	2018-05-02	81.80000305175781	80.30000305175781	80.5	81.30000305175781	62198.0	74.0015869140625
606	2018-05-03	81.5999984741211	80.69999694824219	81.4000015258789	80.69999694824219	38248.0	73.45545196533203
607	2018-05-04	81.80000305175781	81.30000305175781	81.5	81.69999694824219	77100.0	74.36567687988281
608	2018-05-07	81.69999694824219	81.0	81.5	81.69999694824219	16139.0	74.36567687988281
609	2018-05-08	81.80000305175781	81.0999984741211	81.0999984741211	81.80000305175781	11062.0	74.45670318603516
610	2018-05-09	81.5	80.5999984741211	81.5	80.5999984741211	10043.0	73.36442565917969
611	2018-05-10	81.0	80.4000015258789	80.5999984741211	80.69999694824219	27012.0	73.45545196533203
612	2018-05-11	81.19999694824219	81.19999694824219	81.19999694824219	81.19999694824219	3022.0	73.91056823730469
613	2018-05-14	81.0	80.0	80.19999694824219	81.0	82412.0	73.72852325439453
614	2018-05-15	81.0	80.80000305175781	80.80000305175781	81.0	6293.0	73.72852325439453
615	2018-05-16	81.4000015258789	80.80000305175781	80.80000305175781	81.19999694824219	42008.0	73.91056823730469
616	2018-05-17	80.9000015258789	80.80000305175781	80.9000015258789	80.80000305175781	2128.0	73.54647827148438
617	2018-05-18	81.0	80.69999694824219	80.80000305175781	80.80000305175781	27091.0	73.54647827148438
618	2018-05-21	81.19999694824219	80.5	80.5	80.9000015258789	31030.0	73.63750457763672
619	2018-05-22	80.80000305175781	80.4000015258789	80.5	80.5999984741211	24004.0	73.36442565917969
620	2018-05-23	80.69999694824219	80.0	80.19999694824219	80.4000015258789	46029.0	73.18238830566406
621	2018-05-24	80.4000015258789	79.5999984741211	80.0	80.4000015258789	27003.0	73.18238830566406
622	2018-05-25	80.69999694824219	79.80000305175781	79.80000305175781	80.19999694824219	38100.0	73.00033569335938
623	2018-05-28	80.19999694824219	80.0	80.0999984741211	80.19999694824219	17153.0	73.00033569335938
624	2018-05-29	80.19999694824219	80.19999694824219	80.19999694824219	80.19999694824219	0.0	73.00033569335938
625	2018-05-30	80.19999694824219	79.5999984741211	80.0	79.5999984741211	11192.0	72.4542007446289
626	2018-05-31	80.30000305175781	79.69999694824219	79.80000305175781	79.69999694824219	32000.0	72.54521942138672
627	2018-06-01	79.9000015258789	79.69999694824219	79.69999694824219	79.9000015258789	15012.0	72.7272720336914
628	2018-06-04	79.9000015258789	79.5999984741211	79.80000305175781	79.5999984741211	50597.0	72.4542007446289
629	2018-06-05	80.0	79.69999694824219	80.0	80.0	4037.0	72.81829071044922
630	2018-06-06	80.0	80.0	80.0	80.0	1800.0	72.81829071044922
631	2018-06-07	80.80000305175781	79.80000305175781	80.80000305175781	80.0	10100.0	72.81829071044922
632	2018-06-08	80.0	80.0	80.0	80.0	0.0	72.81829071044922
633	2018-06-11	80.0	79.80000305175781	79.80000305175781	80.0	20332.0	72.81829071044922
634	2018-06-12	80.69999694824219	79.80000305175781	79.80000305175781	80.4000015258789	31300.0	73.18238830566406
635	2018-06-13	80.4000015258789	79.5999984741211	80.0	80.30000305175781	35007.0	73.09136199951172
636	2018-06-14	80.0	79.69999694824219	79.80000305175781	79.69999694824219	21030.0	72.54521942138672
637	2018-06-15	79.9000015258789	79.69999694824219	79.69999694824219	79.80000305175781	22066.0	72.63624572753906
638	2018-06-19	79.9000015258789	79.19999694824219	79.80000305175781	79.9000015258789	10004.0	72.7272720336914
639	2018-06-20	79.9000015258789	79.80000305175781	79.80000305175781	79.9000015258789	5100.0	72.7272720336914
640	2018-06-21	80.0	79.80000305175781	79.80000305175781	79.9000015258789	7000.0	72.7272720336914
641	2018-06-22	80.9000015258789	79.80000305175781	79.80000305175781	80.30000305175781	46012.0	73.09136199951172
642	2018-06-25	80.5	79.69999694824219	80.30000305175781	80.5	10118.0	73.27340698242188
643	2018-06-26	80.4000015258789	80.4000015258789	80.4000015258789	80.4000015258789	2028.0	73.18238830566406
644	2018-06-27	80.4000015258789	80.0999984741211	80.4000015258789	80.0999984741211	3225.0	72.90930938720703
645	2018-06-28	81.5	80.0	80.0999984741211	81.0	39087.0	73.72852325439453
646	2018-06-29	81.0	81.0	81.0	81.0	0.0	73.72852325439453
647	2018-07-02	80.69999694824219	80.0999984741211	80.69999694824219	80.0999984741211	3149.0	72.90930938720703
648	2018-07-03	81.19999694824219	80.0999984741211	81.19999694824219	80.9000015258789	25016.0	73.63750457763672
649	2018-07-04	81.0	80.69999694824219	80.69999694824219	80.9000015258789	3101.0	73.63750457763672
650	2018-07-05	80.0999984741211	80.0999984741211	80.0999984741211	80.0999984741211	5080.0	72.90930938720703
651	2018-07-06	80.69999694824219	80.0	80.69999694824219	80.69999694824219	7300.0	73.45545196533203
652	2018-07-09	80.5999984741211	79.80000305175781	80.5	80.5999984741211	11651.0	73.36442565917969
653	2018-07-10	80.80000305175781	80.0	80.0	80.69999694824219	21455.0	73.45545196533203
654	2018-07-11	80.69999694824219	80.69999694824219	80.69999694824219	80.69999694824219	0.0	73.45545196533203
655	2018-07-12	80.69999694824219	80.0999984741211	80.69999694824219	80.5999984741211	3001.0	73.36442565917969
656	2018-07-13	80.0999984741211	79.9000015258789	80.0999984741211	79.9000015258789	6068.0	72.7272720336914
657	2018-07-16	79.9000015258789	79.5	79.9000015258789	79.9000015258789	61024.0	72.7272720336914
658	2018-07-17	80.4000015258789	79.80000305175781	79.9000015258789	80.19999694824219	40001.0	73.00033569335938
659	2018-07-18	80.80000305175781	79.69999694824219	80.19999694824219	80.80000305175781	22455.0	73.54647827148438
660	2018-07-19	80.80000305175781	80.80000305175781	80.80000305175781	80.80000305175781	0.0	73.54647827148438
661	2018-07-20	80.69999694824219	80.0999984741211	80.0999984741211	80.69999694824219	12201.0	73.45545196533203
662	2018-07-23	80.5	80.0	80.0	80.4000015258789	6001.0	73.18238830566406
663	2018-07-24	80.4000015258789	80.4000015258789	80.4000015258789	80.4000015258789	0.0	73.18238830566406
664	2018-07-25	80.80000305175781	79.69999694824219	80.0	80.69999694824219	23001.0	73.45545196533203
665	2018-07-26	80.69999694824219	80.69999694824219	80.69999694824219	80.69999694824219	0.0	73.45545196533203
666	2018-07-27	80.69999694824219	80.69999694824219	80.69999694824219	80.69999694824219	0.0	73.45545196533203
667	2018-07-30	80.5	80.5	80.5	80.5	2012.0	73.27340698242188
668	2018-07-31	80.5	80.5	80.5	80.5	1016.0	73.27340698242188
669	2018-08-01	80.5999984741211	80.0	80.0	80.5999984741211	5013.0	73.36442565917969
670	2018-08-02	80.30000305175781	79.80000305175781	80.0999984741211	79.80000305175781	15037.0	72.63624572753906
671	2018-08-03	80.0	79.9000015258789	79.9000015258789	80.0	9061.0	72.81829071044922
672	2018-08-06	80.0	79.9000015258789	80.0	80.0	7002.0	72.81829071044922
673	2018-08-07	80.30000305175781	79.69999694824219	80.0	80.0999984741211	45000.0	72.90930938720703
674	2018-08-08	83.0	80.30000305175781	80.4000015258789	81.30000305175781	31219.0	74.0015869140625
675	2018-08-09	81.0	80.5	81.0	80.5	32100.0	73.27340698242188
676	2018-08-10	80.5	80.4000015258789	80.5	80.4000015258789	2000.0	73.18238830566406
677	2018-08-13	81.0999984741211	80.0999984741211	80.4000015258789	80.80000305175781	27075.0	73.54647827148438
678	2018-08-14	81.30000305175781	79.9000015258789	80.0999984741211	81.0	70571.0	73.72852325439453
679	2018-08-15	80.30000305175781	80.19999694824219	80.30000305175781	80.19999694824219	3113.0	73.00033569335938
680	2018-08-16	80.19999694824219	80.19999694824219	80.19999694824219	80.19999694824219	1059.0	73.00033569335938
681	2018-08-17	80.69999694824219	80.0	80.0	80.19999694824219	11000.0	73.00033569335938
682	2018-08-20	80.5999984741211	80.0	80.19999694824219	80.5999984741211	44369.0	73.36442565917969
683	2018-08-21	80.80000305175781	80.4000015258789	80.69999694824219	80.5999984741211	18210.0	73.36442565917969
684	2018-08-22	80.9000015258789	80.5999984741211	80.9000015258789	80.9000015258789	27570.0	73.63750457763672
685	2018-08-23	78.80000305175781	78.0999984741211	78.5	78.69999694824219	51195.0	74.87430572509766
686	2018-08-24	78.69999694824219	78.69999694824219	78.69999694824219	78.69999694824219	1028.0	74.87430572509766
687	2018-08-27	78.69999694824219	78.69999694824219	78.69999694824219	78.69999694824219	1003.0	74.87430572509766
688	2018-08-28	79.0	79.0	79.0	79.0	7130.0	75.15972137451172
689	2018-08-29	79.19999694824219	79.0	79.0	79.0	6425.0	75.15972137451172
690	2018-08-30	78.30000305175781	78.30000305175781	78.30000305175781	78.30000305175781	2501.0	74.4937515258789
691	2018-08-31	78.9000015258789	78.9000015258789	78.9000015258789	78.9000015258789	2001.0	75.06458282470703
692	2018-09-03	78.9000015258789	78.30000305175781	78.9000015258789	78.30000305175781	3426.0	74.4937515258789
693	2018-09-04	78.30000305175781	78.0	78.30000305175781	78.0	23018.0	74.20833587646484
694	2018-09-05	80.0	78.0	78.0	78.0999984741211	14530.0	74.30347442626953
695	2018-09-06	79.30000305175781	78.5	79.19999694824219	78.5	7013.0	74.68402862548828
696	2018-09-07	79.0	78.5	78.5	78.5	7560.0	74.68402862548828
697	2018-09-10	78.9000015258789	77.80000305175781	77.80000305175781	78.80000305175781	15313.0	74.96944427490234
698	2018-09-11	78.5999984741211	77.4000015258789	77.5	78.5999984741211	25027.0	74.77916717529297
699	2018-09-12	78.0	77.5	78.0	77.5	5000.0	73.7326431274414
700	2018-09-13	78.80000305175781	77.5	77.5	78.69999694824219	38002.0	74.87430572509766
701	2018-09-14	78.69999694824219	78.0	78.69999694824219	78.0999984741211	6001.0	74.30347442626953
702	2018-09-17	79.4000015258789	77.5999984741211	77.69999694824219	79.30000305175781	35003.0	75.44514465332031
703	2018-09-18	79.19999694824219	79.19999694824219	79.19999694824219	79.19999694824219	1095.0	75.3499984741211
704	2018-09-19	80.5	78.30000305175781	79.19999694824219	79.0	67035.0	75.15972137451172
705	2018-09-20	80.19999694824219	78.69999694824219	79.0	79.9000015258789	35181.0	76.01597595214844
706	2018-09-21	82.0	78.5999984741211	79.30000305175781	82.0	27685.0	78.0138931274414
707	2018-09-25	81.0	80.0	81.0	80.0	12303.0	76.11111450195312
708	2018-09-26	80.0	79.5	80.0	79.5	4000.0	75.63541412353516
709	2018-09-27	80.4000015258789	78.80000305175781	80.30000305175781	79.0	14100.0	75.15972137451172
710	2018-09-28	79.5999984741211	79.0999984741211	79.0999984741211	79.5	6075.0	75.63541412353516
711	2018-10-01	79.5	79.0	79.5	79.0	2118.0	75.15972137451172
712	2018-10-02	79.0	78.69999694824219	78.80000305175781	78.69999694824219	18003.0	74.87430572509766
713	2018-10-03	78.69999694824219	78.0999984741211	78.5	78.0999984741211	34000.0	74.30347442626953
714	2018-10-04	78.30000305175781	77.9000015258789	78.30000305175781	77.9000015258789	4100.0	74.11319732666016
715	2018-10-05	77.9000015258789	77.5999984741211	77.9000015258789	77.80000305175781	5000.0	74.01805877685547
716	2018-10-08	78.0	77.5	77.80000305175781	77.69999694824219	8113.0	73.92291259765625
717	2018-10-09	79.0	77.5999984741211	78.0	79.0	16007.0	75.15972137451172
718	2018-10-11	77.69999694824219	77.0999984741211	77.69999694824219	77.30000305175781	19187.0	73.54236602783203
719	2018-10-12	76.80000305175781	73.19999694824219	73.19999694824219	76.5	52146.0	72.78125
720	2018-10-15	78.0	75.69999694824219	78.0	75.69999694824219	18044.0	72.02013397216797
721	2018-10-16	76.5	75.69999694824219	75.69999694824219	76.19999694824219	8061.0	72.49583435058594
722	2018-10-17	77.19999694824219	76.30000305175781	76.30000305175781	77.19999694824219	6076.0	73.44721984863281
723	2018-10-18	76.0999984741211	75.5999984741211	76.0999984741211	75.69999694824219	9272.0	72.02013397216797
724	2018-10-19	76.19999694824219	75.5999984741211	75.5999984741211	76.0	7001.0	72.30555725097656
725	2018-10-22	76.0999984741211	76.0	76.0999984741211	76.0999984741211	6100.0	72.40069580078125
726	2018-10-23	75.69999694824219	75.69999694824219	75.69999694824219	75.69999694824219	2001.0	72.02013397216797
727	2018-10-24	76.0	75.5999984741211	76.0	75.5999984741211	10100.0	71.92499542236328
728	2018-10-25	76.4000015258789	74.5	74.5	74.80000305175781	13000.0	71.16389465332031
729	2018-10-26	74.9000015258789	74.9000015258789	74.9000015258789	74.9000015258789	3014.0	71.259033203125
730	2018-10-29	75.69999694824219	74.80000305175781	74.80000305175781	75.69999694824219	2650.0	72.02013397216797
731	2018-10-30	75.5999984741211	73.5999984741211	75.5999984741211	73.5999984741211	40018.0	70.02222442626953
732	2018-10-31	73.5999984741211	73.5999984741211	73.5999984741211	73.5999984741211	0.0	70.02222442626953
733	2018-11-01	74.0	73.69999694824219	74.0	74.0	31093.0	70.40277862548828
734	2018-11-02	74.69999694824219	74.0	74.0	74.0	23000.0	70.40277862548828
735	2018-11-05	74.0	74.0	74.0	74.0	0.0	70.40277862548828
736	2018-11-06	74.0	74.0	74.0	74.0	0.0	70.40277862548828
737	2018-11-07	74.69999694824219	74.69999694824219	74.69999694824219	74.69999694824219	1139.0	71.0687484741211
738	2018-11-08	75.30000305175781	74.19999694824219	75.30000305175781	74.9000015258789	25004.0	71.259033203125
739	2018-11-09	75.0999984741211	74.5	74.5	75.0999984741211	3001.0	71.44930267333984
740	2018-11-12	75.5	74.69999694824219	75.5	74.69999694824219	2100.0	71.0687484741211
741	2018-11-13	74.69999694824219	74.69999694824219	74.69999694824219	74.69999694824219	0.0	71.0687484741211
742	2018-11-14	74.19999694824219	74.0	74.0	74.19999694824219	4050.0	70.59305572509766
743	2018-11-15	74.4000015258789	74.0	74.4000015258789	74.0	29319.0	70.40277862548828
744	2018-11-16	76.0999984741211	73.9000015258789	73.9000015258789	74.5	8978.0	70.87847137451172
745	2018-11-19	75.30000305175781	74.5	74.5	74.5999984741211	13000.0	70.9736099243164
746	2018-11-20	75.19999694824219	73.5	74.5	75.19999694824219	5000.0	71.54444122314453
747	2018-11-21	75.0	74.0999984741211	74.0999984741211	75.0	9030.0	71.35416412353516
748	2018-11-22	75.0	74.19999694824219	74.19999694824219	74.4000015258789	7000.0	70.78333282470703
749	2018-11-23	74.5	74.0	74.5	74.0	8004.0	70.40277862548828
750	2018-11-26	75.30000305175781	74.19999694824219	75.0	74.9000015258789	22000.0	71.259033203125
751	2018-11-27	74.9000015258789	73.5	74.9000015258789	73.5999984741211	51225.0	70.02222442626953
752	2018-11-28	74.19999694824219	73.5999984741211	73.5999984741211	73.69999694824219	16730.0	70.11735534667969
753	2018-11-29	74.5	73.19999694824219	73.9000015258789	73.30000305175781	31118.0	69.73680877685547
754	2018-11-30	73.69999694824219	69.5	73.4000015258789	69.5	559146.0	66.12152862548828
755	2018-12-03	72.0	71.19999694824219	71.4000015258789	71.80000305175781	139328.0	68.30972290039062
756	2018-12-04	71.9000015258789	71.0	71.80000305175781	71.5999984741211	33135.0	68.11944580078125
757	2018-12-05	71.5	70.9000015258789	71.0	71.19999694824219	14568.0	67.73888397216797
758	2018-12-06	70.80000305175781	70.19999694824219	70.69999694824219	70.5	42099.0	67.07291412353516
759	2018-12-07	71.19999694824219	70.5999984741211	71.19999694824219	70.5999984741211	2538.0	67.16805267333984
760	2018-12-10	70.5999984741211	70.19999694824219	70.5999984741211	70.19999694824219	17000.0	66.7874984741211
761	2018-12-11	71.0	70.19999694824219	70.19999694824219	70.30000305175781	11000.0	66.88264465332031
762	2018-12-12	70.30000305175781	70.30000305175781	70.30000305175781	70.30000305175781	0.0	66.88264465332031
763	2018-12-13	71.4000015258789	70.5	71.0	70.5	22054.0	67.07291412353516
764	2018-12-14	70.80000305175781	70.5999984741211	70.5999984741211	70.80000305175781	6000.0	67.35833740234375
765	2018-12-17	70.80000305175781	70.19999694824219	70.80000305175781	70.19999694824219	40318.0	66.7874984741211
766	2018-12-18	70.5	69.80000305175781	70.5	69.80000305175781	39002.0	66.40694427490234
767	2018-12-19	70.30000305175781	69.80000305175781	69.80000305175781	70.30000305175781	9053.0	66.88264465332031
768	2018-12-20	70.4000015258789	69.80000305175781	69.80000305175781	70.4000015258789	5000.0	66.977783203125
769	2018-12-21	70.5	70.4000015258789	70.5	70.4000015258789	6001.0	66.977783203125
770	2018-12-24	70.5	69.5999984741211	70.5	70.4000015258789	15001.0	66.977783203125
771	2018-12-25	70.4000015258789	69.9000015258789	70.4000015258789	69.9000015258789	12224.0	66.50208282470703
772	2018-12-26	69.9000015258789	69.9000015258789	69.9000015258789	69.9000015258789	0.0	66.50208282470703
773	2018-12-27	70.5999984741211	70.0	70.0	70.5999984741211	30741.0	67.16805267333984
774	2018-12-28	70.5999984741211	70.0	70.0	70.5	6000.0	67.07291412353516
775	2019-01-02	70.9000015258789	70.30000305175781	70.5	70.80000305175781	15078.0	67.35833740234375
776	2019-01-03	70.5	70.30000305175781	70.5	70.30000305175781	2108.0	66.88264465332031
777	2019-01-04	70.5	70.0	70.0	70.5	13000.0	67.07291412353516
778	2019-01-07	70.5	70.0999984741211	70.5	70.19999694824219	16140.0	66.7874984741211
779	2019-01-08	70.5	69.9000015258789	70.5	70.0999984741211	50000.0	66.6923599243164
780	2019-01-09	70.5	70.19999694824219	70.19999694824219	70.19999694824219	10567.0	66.7874984741211
781	2019-01-10	70.5999984741211	70.0999984741211	70.5999984741211	70.0999984741211	7020.0	66.6923599243164
782	2019-01-11	71.0	70.19999694824219	70.30000305175781	71.0	22070.0	67.54861450195312
783	2019-01-14	71.0999984741211	69.9000015258789	71.0999984741211	70.0	17150.0	66.59722137451172
784	2019-01-15	71.0999984741211	70.0999984741211	71.0999984741211	70.0999984741211	12199.0	66.6923599243164
785	2019-01-16	70.9000015258789	70.19999694824219	70.9000015258789	70.19999694824219	12001.0	66.7874984741211
786	2019-01-17	71.0	70.5	71.0	70.5999984741211	7004.0	67.16805267333984
787	2019-01-18	71.0	70.4000015258789	70.5	71.0	12200.0	67.54861450195312
788	2019-01-21	71.0999984741211	70.80000305175781	71.0	71.0	25101.0	67.54861450195312
789	2019-01-22	71.0	71.0	71.0	71.0	0.0	67.54861450195312
790	2019-01-23	70.69999694824219	70.5	70.5	70.69999694824219	10021.0	67.26319122314453
791	2019-01-24	70.5999984741211	70.5	70.5999984741211	70.5	11313.0	67.07291412353516
792	2019-01-25	71.19999694824219	70.5	70.5999984741211	71.19999694824219	4019.0	67.73888397216797
793	2019-01-28	72.0999984741211	71.5	71.5	71.80000305175781	18315.0	68.30972290039062
794	2019-01-29	72.5	71.80000305175781	72.0	71.80000305175781	22814.0	68.30972290039062
795	2019-01-30	72.69999694824219	72.30000305175781	72.5999984741211	72.30000305175781	6274.0	68.7854232788086
796	2019-02-11	72.69999694824219	71.4000015258789	72.30000305175781	72.0	16013.0	68.5
797	2019-02-12	72.30000305175781	71.0	72.0	71.69999694824219	22173.0	68.21458435058594
798	2019-02-13	72.5999984741211	71.69999694824219	72.5	72.0	32200.0	68.5
799	2019-02-14	72.30000305175781	72.0999984741211	72.0999984741211	72.30000305175781	15310.0	68.7854232788086
800	2019-02-15	72.30000305175781	71.9000015258789	72.30000305175781	71.9000015258789	28300.0	68.40486145019531
801	2019-02-18	72.5	72.0	72.0999984741211	72.4000015258789	15001.0	68.88055419921875
802	2019-02-19	72.4000015258789	72.0	72.4000015258789	72.19999694824219	28001.0	68.69027709960938
803	2019-02-20	72.80000305175781	72.30000305175781	72.30000305175781	72.80000305175781	62002.0	69.26111602783203
804	2019-02-21	72.80000305175781	72.5	72.80000305175781	72.5999984741211	53204.0	69.07083129882812
805	2019-02-22	73.0	72.5999984741211	72.69999694824219	72.9000015258789	21111.0	69.35625457763672
806	2019-02-25	73.5	73.0	73.0	73.0999984741211	32083.0	69.54652404785156
807	2019-02-26	73.30000305175781	72.5	73.0	73.30000305175781	22193.0	69.73680877685547
808	2019-02-27	73.5	73.30000305175781	73.30000305175781	73.30000305175781	24081.0	69.73680877685547
809	2019-03-04	74.0	73.30000305175781	73.30000305175781	74.0	18039.0	70.40277862548828
810	2019-03-05	73.80000305175781	73.30000305175781	73.30000305175781	73.5999984741211	10050.0	70.02222442626953
811	2019-03-06	73.80000305175781	73.4000015258789	73.5	73.80000305175781	15010.0	70.2125015258789
812	2019-03-07	73.80000305175781	73.5	73.5	73.5	8003.0	69.92708587646484
813	2019-03-08	73.19999694824219	73.0	73.0999984741211	73.19999694824219	5010.0	69.64166259765625
814	2019-03-11	73.5	73.19999694824219	73.30000305175781	73.5	9002.0	69.92708587646484
815	2019-03-12	73.80000305175781	73.5	73.5	73.5999984741211	17002.0	70.02222442626953
816	2019-03-13	73.9000015258789	73.5999984741211	73.5999984741211	73.9000015258789	13000.0	70.3076400756836
817	2019-03-14	74.0	73.9000015258789	73.9000015258789	74.0	5240.0	70.40277862548828
818	2019-03-15	74.5	74.5	74.5	74.5	3272.0	70.87847137451172
819	2019-03-18	74.9000015258789	74.5999984741211	74.5999984741211	74.9000015258789	19100.0	71.259033203125
820	2019-03-19	75.0	74.5	75.0	74.5	3550.0	70.87847137451172
821	2019-03-20	75.9000015258789	74.5	74.5	74.69999694824219	23002.0	71.0687484741211
822	2019-03-21	75.0	73.5999984741211	75.0	74.0	33563.0	70.40277862548828
823	2019-03-22	74.5	74.0	74.0	74.5	3005.0	70.87847137451172
824	2019-03-25	74.5	73.30000305175781	73.4000015258789	74.5	11137.0	70.87847137451172
825	2019-03-26	74.5	73.80000305175781	74.5	74.5	15000.0	70.87847137451172
826	2019-03-27	74.9000015258789	74.0999984741211	74.5	74.30000305175781	23125.0	70.68819427490234
827	2019-03-28	75.0	74.30000305175781	74.30000305175781	75.0	28050.0	71.35416412353516
828	2019-03-29	76.0999984741211	74.80000305175781	76.0999984741211	74.80000305175781	13549.0	71.16389465332031
829	2019-04-01	74.80000305175781	74.80000305175781	74.80000305175781	74.80000305175781	1156.0	71.16389465332031
830	2019-04-02	74.80000305175781	74.5	74.80000305175781	74.5	17117.0	70.87847137451172
831	2019-04-03	74.5	74.4000015258789	74.4000015258789	74.5	5364.0	70.87847137451172
832	2019-04-08	74.5	73.69999694824219	73.80000305175781	74.0	35557.0	70.40277862548828
833	2019-04-09	74.0	73.80000305175781	74.0	73.80000305175781	8679.0	70.2125015258789
834	2019-04-10	74.0	73.80000305175781	73.80000305175781	74.0	12014.0	70.40277862548828
835	2019-04-11	74.0	73.4000015258789	74.0	74.0	40435.0	70.40277862548828
836	2019-04-12	74.0	73.5999984741211	73.5999984741211	74.0	10141.0	70.40277862548828
837	2019-04-15	74.19999694824219	74.0999984741211	74.19999694824219	74.0999984741211	8002.0	70.49791717529297
838	2019-04-16	73.5999984741211	73.5	73.5999984741211	73.5	3098.0	69.92708587646484
839	2019-04-17	75.0	73.5	73.5	73.5999984741211	52135.0	70.02222442626953
840	2019-04-18	73.69999694824219	73.4000015258789	73.5999984741211	73.69999694824219	17000.0	70.11735534667969
841	2019-04-19	73.69999694824219	73.5	73.69999694824219	73.5	6504.0	69.92708587646484
842	2019-04-22	75.4000015258789	73.5	73.5	74.69999694824219	13049.0	71.0687484741211
843	2019-04-23	74.80000305175781	73.5	74.80000305175781	73.5999984741211	11229.0	70.02222442626953
844	2019-04-24	74.30000305175781	74.30000305175781	74.30000305175781	74.30000305175781	1000.0	70.68819427490234
845	2019-04-25	73.5999984741211	73.5999984741211	73.5999984741211	73.5999984741211	8490.0	70.02222442626953
846	2019-04-26	73.80000305175781	73.5	73.80000305175781	73.80000305175781	11000.0	70.2125015258789
847	2019-04-29	73.5999984741211	73.0	73.5999984741211	73.0	35007.0	69.4513931274414
848	2019-04-30	73.4000015258789	73.0999984741211	73.19999694824219	73.4000015258789	11816.0	69.83194732666016
849	2019-05-02	73.30000305175781	73.0	73.30000305175781	73.0999984741211	16002.0	69.54652404785156
850	2019-05-03	73.30000305175781	73.0999984741211	73.30000305175781	73.0999984741211	20062.0	69.54652404785156
851	2019-05-06	73.80000305175781	72.4000015258789	73.0999984741211	73.80000305175781	32101.0	70.2125015258789
852	2019-05-07	73.80000305175781	72.80000305175781	73.80000305175781	73.0	7091.0	69.4513931274414
853	2019-05-08	73.0999984741211	73.0	73.0	73.0	15002.0	69.4513931274414
854	2019-05-09	73.9000015258789	72.9000015258789	73.9000015258789	72.9000015258789	7000.0	69.35625457763672
855	2019-05-10	72.9000015258789	72.9000015258789	72.9000015258789	72.9000015258789	3322.0	69.35625457763672
856	2019-05-13	73.0	70.9000015258789	72.4000015258789	72.80000305175781	26100.0	69.26111602783203
857	2019-05-14	73.0	72.30000305175781	72.80000305175781	72.9000015258789	55001.0	69.35625457763672
858	2019-05-15	72.9000015258789	72.0	72.9000015258789	72.4000015258789	32025.0	68.88055419921875
859	2019-05-16	72.69999694824219	71.0999984741211	71.0999984741211	72.69999694824219	7029.0	69.16596984863281
860	2019-05-17	72.69999694824219	72.69999694824219	72.69999694824219	72.69999694824219	1002.0	69.16596984863281
861	2019-05-20	72.69999694824219	72.69999694824219	72.69999694824219	72.69999694824219	0.0	69.16596984863281
862	2019-05-21	73.0	73.0	73.0	73.0	2829.0	69.4513931274414
863	2019-05-22	73.0	73.0	73.0	73.0	5000.0	69.4513931274414
864	2019-05-23	73.0	73.0	73.0	73.0	0.0	69.4513931274414
865	2019-05-24	73.0	73.0	73.0	73.0	0.0	69.4513931274414
866	2019-05-27	73.5	73.0	73.0	73.4000015258789	13344.0	69.83194732666016
867	2019-05-28	73.0999984741211	73.0	73.0999984741211	73.0999984741211	8377.0	69.54652404785156
868	2019-05-29	73.5	73.0999984741211	73.0999984741211	73.19999694824219	21020.0	69.64166259765625
869	2019-05-30	73.19999694824219	73.0	73.19999694824219	73.0	3002.0	69.4513931274414
870	2019-05-31	73.5	73.0	73.5	73.0	4200.0	69.4513931274414
871	2019-06-03	73.69999694824219	72.9000015258789	73.0999984741211	73.5999984741211	36013.0	70.02222442626953
872	2019-06-04	73.5999984741211	72.80000305175781	72.80000305175781	73.5999984741211	9000.0	70.02222442626953
873	2019-06-05	73.0	73.0	73.0	73.0	2008.0	69.4513931274414
874	2019-06-06	73.5999984741211	73.0	73.0	73.5999984741211	17000.0	70.02222442626953
875	2019-06-10	73.5999984741211	73.5999984741211	73.5999984741211	73.5999984741211	1001.0	70.02222442626953
876	2019-06-11	73.30000305175781	73.19999694824219	73.30000305175781	73.30000305175781	15155.0	69.73680877685547
877	2019-06-12	73.69999694824219	73.4000015258789	73.5999984741211	73.4000015258789	18100.0	69.83194732666016
878	2019-06-13	73.9000015258789	73.5	73.9000015258789	73.80000305175781	4001.0	70.2125015258789
879	2019-06-14	73.5999984741211	73.4000015258789	73.5999984741211	73.4000015258789	32169.0	69.83194732666016
880	2019-06-17	74.4000015258789	73.5	73.5	74.4000015258789	33100.0	70.78333282470703
881	2019-06-18	74.4000015258789	74.19999694824219	74.4000015258789	74.19999694824219	6002.0	70.59305572509766
882	2019-06-19	75.0	74.80000305175781	74.80000305175781	75.0	12040.0	71.35416412353516
883	2019-06-20	75.0999984741211	74.4000015258789	75.0999984741211	74.4000015258789	25183.0	70.78333282470703
884	2019-06-21	74.9000015258789	74.5999984741211	74.5999984741211	74.9000015258789	20401.0	71.259033203125
885	2019-06-24	75.0	74.69999694824219	74.9000015258789	75.0	21000.0	71.35416412353516
886	2019-06-25	75.0	74.9000015258789	74.9000015258789	75.0	4000.0	71.35416412353516
887	2019-06-26	75.0	75.0	75.0	75.0	15005.0	71.35416412353516
888	2019-06-27	75.4000015258789	74.30000305175781	75.0	75.4000015258789	45126.0	71.73472595214844
889	2019-06-28	75.0999984741211	75.0	75.0999984741211	75.0	3050.0	71.35416412353516
890	2019-07-01	75.0	74.69999694824219	75.0	75.0	28013.0	71.35416412353516
891	2019-07-02	76.0999984741211	74.5999984741211	74.9000015258789	75.9000015258789	23107.0	72.21041870117188
892	2019-07-03	76.0999984741211	75.0999984741211	76.0	76.0	38139.0	72.30555725097656
893	2019-07-04	76.0999984741211	76.0	76.0999984741211	76.0	2006.0	72.30555725097656
894	2019-07-05	76.5999984741211	76.0	76.0	76.5	27202.0	72.78125
895	2019-07-08	76.5	76.5	76.5	76.5	0.0	72.78125
896	2019-07-09	76.19999694824219	76.19999694824219	76.19999694824219	76.19999694824219	5000.0	72.49583435058594
897	2019-07-10	76.0999984741211	75.0999984741211	75.0999984741211	75.30000305175781	14200.0	71.63958740234375
898	2019-07-11	75.5	75.5	75.5	75.5	2001.0	71.82986450195312
899	2019-07-12	75.9000015258789	75.9000015258789	75.9000015258789	75.9000015258789	1130.0	72.21041870117188
900	2019-07-15	75.5	74.0	75.5	74.0999984741211	14018.0	70.49791717529297
901	2019-07-16	74.0999984741211	74.0999984741211	74.0999984741211	74.0999984741211	0.0	70.49791717529297
902	2019-07-17	75.5	74.4000015258789	74.4000015258789	75.4000015258789	38268.0	71.73472595214844
903	2019-07-18	75.4000015258789	75.4000015258789	75.4000015258789	75.4000015258789	4001.0	71.73472595214844
904	2019-07-19	75.4000015258789	74.19999694824219	75.19999694824219	75.19999694824219	24000.0	71.54444122314453
905	2019-07-22	75.0	74.80000305175781	75.0	74.80000305175781	2030.0	71.16389465332031
906	2019-07-23	74.5	74.5	74.5	74.5	1000.0	70.87847137451172
907	2019-07-24	74.9000015258789	74.19999694824219	74.5	74.19999694824219	7700.0	70.59305572509766
908	2019-07-25	74.5	74.19999694824219	74.5	74.19999694824219	7000.0	70.59305572509766
909	2019-07-26	74.5	74.19999694824219	74.19999694824219	74.30000305175781	22000.0	70.68819427490234
910	2019-07-29	74.30000305175781	74.19999694824219	74.19999694824219	74.30000305175781	10072.0	70.68819427490234
911	2019-07-30	74.4000015258789	74.30000305175781	74.30000305175781	74.4000015258789	22013.0	70.78333282470703
912	2019-07-31	74.4000015258789	74.19999694824219	74.4000015258789	74.19999694824219	9287.0	70.59305572509766
913	2019-08-01	74.30000305175781	74.0999984741211	74.0999984741211	74.30000305175781	17013.0	70.68819427490234
914	2019-08-02	73.9000015258789	73.5	73.9000015258789	73.5	12000.0	69.92708587646484
915	2019-08-05	73.0	72.5	73.0	72.5	13151.0	68.97569274902344
916	2019-08-06	72.69999694824219	71.5	71.5	72.69999694824219	11001.0	69.16596984863281
917	2019-08-07	73.0	72.69999694824219	72.69999694824219	72.69999694824219	21026.0	69.16596984863281
918	2019-08-08	72.5999984741211	72.5	72.5	72.5999984741211	3065.0	69.07083129882812
919	2019-08-12	72.19999694824219	71.69999694824219	71.69999694824219	71.69999694824219	17050.0	68.21458435058594
920	2019-08-13	71.9000015258789	71.0	71.69999694824219	71.69999694824219	33006.0	68.21458435058594
921	2019-08-14	72.0	71.4000015258789	71.69999694824219	71.4000015258789	47000.0	67.92916870117188
922	2019-08-15	71.5999984741211	70.69999694824219	71.4000015258789	71.0	31001.0	67.54861450195312
923	2019-08-16	71.0999984741211	70.80000305175781	71.0	71.0	51051.0	67.54861450195312
924	2019-08-19	71.0	70.80000305175781	71.0	70.9000015258789	63799.0	67.45347595214844
925	2019-08-20	71.0	70.9000015258789	71.0	71.0	104001.0	67.54861450195312
926	2019-08-21	73.4000015258789	71.0	71.0999984741211	72.9000015258789	83100.0	69.35625457763672
927	2019-08-22	72.0999984741211	71.5	72.0999984741211	71.5	6450.0	68.02430725097656
928	2019-08-23	72.30000305175781	71.19999694824219	71.80000305175781	72.0	141101.0	68.5
929	2019-08-27	68.80000305175781	68.5999984741211	68.80000305175781	68.69999694824219	28006.0	68.69999694824219
930	2019-08-28	68.9000015258789	68.69999694824219	68.69999694824219	68.9000015258789	24001.0	68.9000015258789
931	2019-08-29	69.0	68.9000015258789	69.0	68.9000015258789	16004.0	68.9000015258789
932	2019-08-30	69.5	68.9000015258789	68.9000015258789	69.19999694824219	27186.0	69.19999694824219
933	2019-09-02	69.5999984741211	69.30000305175781	69.30000305175781	69.5	28056.0	69.5
934	2019-09-03	69.80000305175781	69.4000015258789	69.5	69.80000305175781	27296.0	69.80000305175781
935	2019-09-04	69.80000305175781	69.5999984741211	69.5999984741211	69.80000305175781	15111.0	69.80000305175781
936	2019-09-05	70.0	69.80000305175781	69.80000305175781	69.9000015258789	13103.0	69.9000015258789
937	2019-09-06	70.0	69.9000015258789	70.0	69.9000015258789	16127.0	69.9000015258789
938	2019-09-10	69.80000305175781	69.5	69.5999984741211	69.69999694824219	22002.0	69.69999694824219
939	2019-09-11	69.80000305175781	69.5999984741211	69.69999694824219	69.69999694824219	16349.0	69.69999694824219
940	2019-09-12	70.0	69.80000305175781	69.80000305175781	70.0	20403.0	70.0
941	2019-09-16	70.30000305175781	69.69999694824219	70.0	70.30000305175781	11343.0	70.30000305175781
942	2019-09-17	71.0999984741211	70.30000305175781	70.30000305175781	70.30000305175781	25034.0	70.30000305175781
943	2019-09-18	73.9000015258789	70.0999984741211	70.30000305175781	72.9000015258789	85951.0	72.9000015258789
944	2019-09-19	72.5	71.80000305175781	72.5	71.80000305175781	9085.0	71.80000305175781
945	2019-09-20	71.19999694824219	71.19999694824219	71.19999694824219	71.19999694824219	6000.0	71.19999694824219
946	2019-09-23	71.5999984741211	71.0	71.19999694824219	71.5	10117.0	71.5
947	2019-09-24	71.5	71.5	71.5	71.5	0.0	71.5
948	2019-09-25	71.5	71.5	71.5	71.5	1254.0	71.5
949	2019-09-26	71.69999694824219	70.5	71.69999694824219	70.5	31001.0	70.5
950	2019-09-27	71.0	70.0	70.5	70.0	39835.0	70.0
951	2019-10-01	71.9000015258789	70.5999984741211	71.9000015258789	71.4000015258789	11255.0	71.4000015258789
952	2019-10-02	70.5	70.5	70.5	70.5	2065.0	70.5
953	2019-10-03	70.5	70.0999984741211	70.5	70.30000305175781	6353.0	70.30000305175781
954	2019-10-04	70.80000305175781	70.0	70.5999984741211	70.5	45000.0	70.5
955	2019-10-07	71.0	70.30000305175781	71.0	70.30000305175781	3309.0	70.30000305175781
956	2019-10-08	70.30000305175781	70.30000305175781	70.30000305175781	70.30000305175781	1704.0	70.30000305175781
957	2019-10-09	70.9000015258789	70.30000305175781	70.9000015258789	70.69999694824219	10290.0	70.69999694824219
958	2019-10-14	71.0	70.5	70.5	71.0	29104.0	71.0
959	2019-10-15	70.5	70.5	70.5	70.5	3133.0	70.5
960	2019-10-16	72.30000305175781	70.5999984741211	70.5999984741211	72.30000305175781	41000.0	72.30000305175781
961	2019-10-17	71.80000305175781	71.0999984741211	71.80000305175781	71.0999984741211	20020.0	71.0999984741211
962	2019-10-18	71.5	70.69999694824219	70.9000015258789	71.4000015258789	41100.0	71.4000015258789
963	2019-10-21	71.0	70.9000015258789	71.0	71.0	12606.0	71.0
964	2019-10-22	71.0	70.80000305175781	70.9000015258789	71.0	49986.0	71.0
965	2019-10-23	71.9000015258789	71.0	71.0	71.0	8200.0	71.0
966	2019-10-24	71.19999694824219	71.0	71.19999694824219	71.0	5000.0	71.0
967	2019-10-25	71.5999984741211	71.0	71.0	71.5999984741211	15101.0	71.5999984741211
968	2019-10-28	72.0	71.0	71.5999984741211	71.9000015258789	21611.0	71.9000015258789
969	2019-10-29	71.5	71.5	71.5	71.5	5101.0	71.5
970	2019-10-30	71.80000305175781	71.19999694824219	71.19999694824219	71.5999984741211	7356.0	71.5999984741211
971	2019-10-31	71.5999984741211	71.4000015258789	71.4000015258789	71.5999984741211	10164.0	71.5999984741211
972	2019-11-01	71.5	71.5	71.5	71.5	1469.0	71.5
973	2019-11-04	71.5	71.0999984741211	71.19999694824219	71.0999984741211	22000.0	71.0999984741211
974	2019-11-05	71.5	71.0999984741211	71.0999984741211	71.4000015258789	19183.0	71.4000015258789
975	2019-11-06	71.19999694824219	71.0	71.19999694824219	71.0999984741211	13312.0	71.0999984741211
976	2019-11-07	71.19999694824219	71.0	71.0	71.0	16100.0	71.0
977	2019-11-08	71.0999984741211	71.0	71.0	71.0999984741211	6000.0	71.0999984741211
978	2019-11-11	71.0999984741211	70.30000305175781	71.0999984741211	70.30000305175781	16616.0	70.30000305175781
979	2019-11-12	70.5999984741211	70.19999694824219	70.4000015258789	70.19999694824219	23001.0	70.19999694824219
980	2019-11-13	70.4000015258789	69.80000305175781	70.19999694824219	69.9000015258789	56302.0	69.9000015258789
981	2019-11-14	70.0	69.80000305175781	69.9000015258789	69.80000305175781	31357.0	69.80000305175781
982	2019-11-15	70.0999984741211	69.80000305175781	70.0	69.80000305175781	55185.0	69.80000305175781
983	2019-11-18	70.0	69.80000305175781	70.0	69.80000305175781	33030.0	69.80000305175781
984	2019-11-19	70.0	69.9000015258789	69.9000015258789	70.0	15001.0	70.0
985	2019-11-20	70.5999984741211	69.80000305175781	70.0	70.19999694824219	35850.0	70.19999694824219
986	2019-11-21	70.19999694824219	69.80000305175781	70.19999694824219	69.80000305175781	36053.0	69.80000305175781
987	2019-11-22	70.0	69.80000305175781	69.9000015258789	70.0	16001.0	70.0
988	2019-11-25	70.0	70.0	70.0	70.0	12333.0	70.0
989	2019-11-26	70.0	69.9000015258789	70.0	69.9000015258789	22375.0	69.9000015258789
990	2019-11-27	70.0999984741211	69.9000015258789	70.0	69.9000015258789	31000.0	69.9000015258789
991	2019-11-28	70.0	69.9000015258789	69.9000015258789	69.9000015258789	21550.0	69.9000015258789
992	2019-11-29	70.0999984741211	69.80000305175781	70.0	70.0	75040.0	70.0
993	2019-12-02	70.0	69.80000305175781	70.0	69.9000015258789	6001.0	69.9000015258789
994	2019-12-03	70.0	69.5999984741211	69.69999694824219	69.69999694824219	22593.0	69.69999694824219
995	2019-12-04	69.69999694824219	69.5	69.69999694824219	69.5999984741211	37003.0	69.5999984741211
996	2019-12-05	70.0	69.5999984741211	69.5999984741211	69.9000015258789	27097.0	69.9000015258789
997	2019-12-06	70.0	69.80000305175781	70.0	69.9000015258789	12001.0	69.9000015258789
998	2019-12-09	70.0	69.80000305175781	69.80000305175781	70.0	7123.0	70.0
999	2019-12-10	70.0999984741211	69.80000305175781	70.0	70.0	57156.0	70.0
1000	2019-12-11	70.9000015258789	70.0	70.0	70.0	32196.0	70.0
1001	2019-12-12	70.4000015258789	69.80000305175781	70.0	70.4000015258789	22007.0	70.4000015258789
1002	2019-12-13	70.4000015258789	70.0999984741211	70.4000015258789	70.30000305175781	27125.0	70.30000305175781
1003	2019-12-16	70.4000015258789	69.9000015258789	70.0999984741211	70.4000015258789	2.0	70.4000015258789
1004	2019-12-17	70.69999694824219	70.0999984741211	70.0999984741211	70.69999694824219	50003.0	70.69999694824219
1005	2019-12-18	71.5	70.5	70.69999694824219	71.5	32001.0	71.5
1006	2019-12-19	71.5999984741211	70.30000305175781	71.5	71.0999984741211	25194.0	71.0999984741211
1007	2019-12-20	71.0999984741211	70.0999984741211	71.0999984741211	70.9000015258789	19100.0	70.9000015258789
1008	2019-12-23	70.9000015258789	70.9000015258789	70.9000015258789	70.9000015258789	3067.0	70.9000015258789
1009	2019-12-24	71.5	71.0	71.4000015258789	71.0	27002.0	71.0
1010	2019-12-25	71.0	70.80000305175781	70.80000305175781	71.0	10050.0	71.0
1011	2019-12-26	71.19999694824219	70.5	71.0	70.9000015258789	26060.0	70.9000015258789
1012	2019-12-27	70.80000305175781	70.30000305175781	70.5	70.69999694824219	41363.0	70.69999694824219
1013	2019-12-30	70.5999984741211	69.9000015258789	70.30000305175781	69.9000015258789	105111.0	69.9000015258789
1014	2019-12-31	70.69999694824219	70.0	70.0	70.30000305175781	22238.0	70.30000305175781
1015	2020-01-02	70.5999984741211	70.30000305175781	70.30000305175781	70.5999984741211	17014.0	70.5999984741211
1016	2020-01-03	71.0	70.4000015258789	70.5999984741211	70.4000015258789	12100.0	70.4000015258789
1017	2020-01-06	70.69999694824219	70.30000305175781	70.5	70.30000305175781	36000.0	70.30000305175781
1018	2020-01-07	71.0	70.4000015258789	70.5	70.9000015258789	24014.0	70.9000015258789
1019	2020-01-08	70.69999694824219	70.0	70.19999694824219	70.69999694824219	31029.0	70.69999694824219
1020	2020-01-09	70.69999694824219	70.19999694824219	70.69999694824219	70.19999694824219	2001.0	70.19999694824219
1021	2020-01-10	70.4000015258789	70.0999984741211	70.19999694824219	70.4000015258789	12025.0	70.4000015258789
